player_id,player_name,team_id,team_abbreviation,age,nickname,restricted_area_fgm,restricted_area_fga,restricted_area_fg_pct,in_the_paint_non_ra_fgm,in_the_paint_non_ra_fga,in_the_paint_non_ra_fg_pct,mid_range_fgm,mid_range_fga,mid_range_fg_pct,left_corner_3_fgm,left_corner_3_fga,left_corner_3_fg_pct,right_corner_3_fgm,right_corner_3_fga,right_corner_3_fg_pct,above_the_break_3_fgm,above_the_break_3_fga,above_the_break_3_fg_pct,backcourt_fgm,backcourt_fga,backcourt_fg_pct,corner_3_fgm,corner_3_fga,corner_3_fg_pct
1628932,A'ja Wilson,1611661319,LVA,29,A'ja,91,130,0.7,150,323,0.464,66,146,0.452,0,1,0,2,3,0.667,23,55,0.418,0,0,0,2,4,0.5
1642290,Aaliyah Edwards,1611661323,CON,23,Aaliyah,43,71,0.606,19,44,0.432,7,30,0.233,0,3,0,0,0,0,0,6,0,0,0,0,0,3,0
1642801,Aaliyah Nye,1611661319,LVA,23,Aaliyah,9,20,0.45,11,23,0.478,2,10,0.2,4,12,0.333,7,18,0.389,26,88,0.295,0,0,0,11,30,0.367
1630462,Aari McDonald,1611661325,IND,27,Aari,31,47,0.66,6,19,0.316,5,10,0.5,0,2,0,1,1,1,23,75,0.307,0,0,0,1,3,0.333
1627672,Aerial Powers,1611661325,IND,32,Aerial,11,16,0.688,5,17,0.294,4,13,0.308,0,0,0,0,1,0,7,18,0.389,0,0,0,0,1,0
1642828,Ajae Petty,1611661321,DAL,23,Ajae,0,0,0,0,0,0,0,0,0,0,0,0,NA,NA,NA,0,0,0,NA,NA,NA,NA,NA,NA
1629501,Alanna Smith,1611661324,MIN,29,Alanna,87,131,0.664,11,21,0.524,9,17,0.529,8,17,0.471,4,7,0.571,41,137,0.299,0,0,0,12,24,0.5
1628297,Alexis Prince,1611661317,PHX,32,Alexis,0,0,0,1,1,1,0,1,0,0,0,0,0,0,0,0,1,0,0,0,0,NA,NA,NA
1642293,Alissa Pili,1611661320,LAS,24,Alissa,8,14,0.571,0,0,0,1,2,0.5,1,2,0.5,0,0,0,3,10,0.3,0,0,0,1,2,0.5
1641648,Aliyah Boston,1611661325,IND,24,Aliyah,158,256,0.617,76,161,0.472,31,58,0.534,0,2,0,0,1,0,6,25,0.24,0,1,0,0,3,0
1628277,Allisha Gray,1611661330,ATL,31,Allisha,90,147,0.612,45,110,0.409,13,34,0.382,0,4,0,1,5,0.2,97,246,0.394,0,0,0,1,9,0.111
202252,Alysha Clark,1611661322,WAS,38,Alysha,16,27,0.593,16,27,0.593,1,9,0.111,5,16,0.313,3,7,0.429,18,73,0.247,0,0,0,8,23,0.348
203826,Alyssa Thomas,1611661317,PHX,33,Alyssa,109,162,0.673,102,221,0.462,30,64,0.469,0,0,0,0,0,0,0,5,0,0,1,0,NA,NA,NA
1629539,Amy Okonkwo,1611661321,DAL,29,Amy,12,15,0.8,6,13,0.462,2,3,0.667,0,0,0,1,1,1,9,29,0.31,0,0,0,1,1,1
1642797,Anastasiia Olairi Kosu,1611661324,MIN,20,Anastasiia Olairi,11,16,0.688,2,11,0.182,0,0,0,0,0,0,0,1,0,0,1,0,0,0,0,0,1,0
1642800,Aneesah Morrow,1611661323,CON,23,Aneesah,59,116,0.509,21,65,0.323,14,43,0.326,0,2,0,0,3,0,18,70,0.257,0,0,0,0,5,0
1642291,Angel Reese,1611661329,CHI,23,Angel,116,229,0.507,28,70,0.4,5,13,0.385,0,2,0,0,1,0,4,19,0.211,0,0,0,0,3,0
1628878,Ariel Atkins,1611661329,CHI,29,Ariel,22,45,0.489,45,86,0.523,52,115,0.452,3,7,0.429,4,7,0.571,36,104,0.346,0,1,0,7,14,0.5
1629481,Arike Ogunbowale,1611661321,DAL,28,Arike,26,48,0.542,36,85,0.424,37,113,0.327,4,8,0.5,0,0,0,44,150,0.293,0,0,0,4,8,0.5
1642793,Aziaha James,1611661321,DAL,23,Aziaha,33,48,0.688,33,80,0.413,8,44,0.182,6,17,0.353,1,6,0.167,25,86,0.291,0,3,0,7,23,0.304
1628922,Azurá Stevens,1611661320,LAS,30,Azurá,97,149,0.651,22,57,0.386,11,27,0.407,10,17,0.588,7,18,0.389,57,159,0.358,0,0,0,17,35,0.486
1627668,Breanna Stewart,1611661313,NYL,31,Breanna,91,122,0.746,63,147,0.429,13,52,0.25,1,5,0.2,1,5,0.2,19,77,0.247,0,0,0,2,10,0.2
1642788,Bree Hall,1611661325,IND,22,Bree,1,1,1,0,1,0,0,1,0,0,0,0,0,0,0,0,2,0,0,0,0,NA,NA,NA
203829,Bria Hartley,1611661323,CON,33,Bria,25,57,0.439,6,40,0.15,21,49,0.429,1,8,0.125,4,6,0.667,49,131,0.374,0,2,0,5,14,0.357
1629488,Brianna Turner,1611661325,IND,29,Brianna,11,22,0.5,2,4,0.5,0,5,0,0,1,0,0,0,0,0,0,0,0,0,0,0,1,0
1629524,Bridget Carleton,1611661324,MIN,28,Bridget,16,28,0.571,10,28,0.357,13,29,0.448,9,18,0.5,5,13,0.385,49,138,0.355,0,0,0,14,31,0.452
1628280,Brionna Jones,1611661330,ATL,30,Brionna,163,261,0.625,42,96,0.438,8,24,0.333,0,1,0,0,0,0,12,45,0.267,0,0,0,0,1,0
203398,Brittney Griner,1611661330,ATL,35,Brittney,70,100,0.7,58,115,0.504,23,67,0.343,0,1,0,0,0,0,5,18,0.278,0,0,0,0,1,0
1628279,Brittney Sykes,1611661328,SEA,31,Brittney,95,156,0.609,33,114,0.289,15,85,0.176,5,14,0.357,1,7,0.143,25,81,0.309,0,0,0,6,21,0.286
1642286,Caitlin Clark,1611661325,IND,24,Caitlin,20,37,0.541,15,27,0.556,8,28,0.286,1,1,1,0,0,0,28,103,0.272,0,0,0,1,1,1
1642287,Cameron Brink,1611661320,LAS,24,Cameron,20,27,0.741,4,15,0.267,1,6,0.167,1,3,0.333,3,10,0.3,6,19,0.316,0,2,0,4,13,0.308
1642344,Camryn Taylor,1611661324,MIN,25,Camryn,0,2,0,0,1,0,0,1,0,0,0,0,0,0,0,1,3,0.333,0,0,0,NA,NA,NA
1642304,Carla Leite,1611661331,GSV,21,Carla,23,35,0.657,39,75,0.52,11,37,0.297,1,4,0.25,0,1,0,12,68,0.176,0,2,0,1,5,0.2
1628508,Cecilia Zandalasini,1611661331,GSV,29,Cecilia,8,12,0.667,11,24,0.458,11,23,0.478,0,1,0,0,1,0,37,88,0.42,0,1,0,0,2,0
203833,Chelsea Gray,1611661319,LVA,33,Chelsea,21,28,0.75,35,78,0.449,50,108,0.463,3,9,0.333,2,4,0.5,58,158,0.367,0,0,0,5,13,0.385
204323,Cheyenne Parker-Tyus,1611661319,LVA,33,Cheyenne,1,1,1,2,3,0.667,1,2,0.5,0,0,0,0,0,0,1,2,0.5,0,0,0,NA,NA,NA
1631064,Chloe Bibby,1611661325,IND,27,Chloe,1,1,1,1,4,0.25,2,8,0.25,2,5,0.4,2,4,0.5,13,33,0.394,0,0,0,4,9,0.444
1631090,Christyn Williams,1611661321,DAL,25,Christyn,1,2,0.5,2,7,0.286,2,3,0.667,0,0,0,0,0,0,1,4,0.25,0,0,0,NA,NA,NA
202664,Courtney Vandersloot,1611661329,CHI,36,Courtney,10,17,0.588,8,16,0.5,6,10,0.6,0,1,0,1,2,0.5,4,20,0.2,0,0,0,1,3,0.333
1627675,Courtney Williams,1611661324,MIN,31,Courtney,37,62,0.597,33,72,0.458,120,297,0.404,0,2,0,1,4,0.25,57,143,0.399,0,0,0,1,6,0.167
204325,Crystal Bradford,1611661319,LVA,32,Crystal,1,1,1,1,2,0.5,0,1,0,0,0,0,0,0,0,0,2,0,0,0,0,NA,NA,NA
203024,Damiris Dantas,1611661325,IND,33,Damiris,19,25,0.76,13,39,0.333,6,22,0.273,1,5,0.2,0,0,0,24,90,0.267,0,0,0,1,5,0.2
1630389,Dana Evans,1611661319,LVA,27,Dana,12,33,0.364,34,93,0.366,24,48,0.5,2,5,0.4,1,5,0.2,34,90,0.378,0,1,0,3,10,0.3
201886,DeWanna Bonner,1611661317,PHX,38,DeWanna,43,70,0.614,10,30,0.333,12,37,0.324,9,12,0.75,6,20,0.3,25,87,0.287,0,1,0,15,32,0.469
204324,Dearica Hamby,1611661320,LAS,32,Dearica,254,360,0.706,51,146,0.349,4,6,0.667,0,2,0,1,3,0.333,14,47,0.298,0,2,0,1,5,0.2
1630096,DiJonai Carrington,1611661324,MIN,28,DiJonai,51,98,0.52,26,81,0.321,7,26,0.269,2,3,0.667,2,2,1,19,64,0.297,0,3,0,4,5,0.8
1641649,Diamond Miller,1611661321,DAL,24,Diamond,31,47,0.66,4,26,0.154,2,10,0.2,1,2,0.5,1,3,0.333,15,46,0.326,0,0,0,2,5,0.4
1642798,Dominique Malonga,1611661328,SEA,20,Dominique,92,131,0.702,39,91,0.429,10,23,0.435,0,0,0,0,0,0,4,18,0.222,0,0,0,NA,NA,NA
1642295,Elizabeth Kitley,1611661319,LVA,24,Elizabeth,4,8,0.5,3,11,0.273,0,3,0,0,0,0,0,0,0,0,1,0,0,0,0,NA,NA,NA
204322,Elizabeth Williams,1611661329,CHI,32,Elizabeth,99,165,0.6,48,129,0.372,10,33,0.303,0,0,0,0,0,0,0,0,0,0,0,0,NA,NA,NA
1631083,Emily Engstler,1611661322,WAS,25,Emily,28,35,0.8,7,28,0.25,2,8,0.25,3,7,0.429,1,10,0.1,12,45,0.267,0,1,0,4,17,0.235
1628242,Emma Cannon,1611661320,LAS,36,Emma,14,16,0.875,3,6,0.5,1,5,0.2,1,3,0.333,3,4,0.75,10,29,0.345,0,0,0,4,7,0.571
203416,Emma Meesseman,1611661313,NYL,32,Emma,29,40,0.725,32,55,0.582,16,43,0.372,2,3,0.667,0,0,0,12,18,0.667,0,0,0,2,3,0.667
204365,Erica Wheeler,1611661328,SEA,34,Erica,33,53,0.623,29,79,0.367,30,84,0.357,6,14,0.429,1,3,0.333,69,184,0.375,0,3,0,7,17,0.412
1629496,Ezi Magbegor,1611661328,SEA,26,Ezi,84,134,0.627,38,91,0.418,5,13,0.385,0,3,0,0,3,0,14,42,0.333,0,0,0,0,6,0
1628931,Gabby Williams,1611661328,SEA,29,Gabby,83,123,0.675,35,102,0.343,30,80,0.375,6,16,0.375,3,7,0.429,41,141,0.291,0,0,0,9,23,0.391
1641658,Grace Berger,1611661321,DAL,26,Grace,12,23,0.522,11,30,0.367,1,13,0.077,0,2,0,1,2,0.5,1,18,0.056,0,1,0,1,4,0.25
1642817,Hailey Van Lith,1611661329,CHI,24,Hailey,14,29,0.483,10,24,0.417,8,25,0.32,0,1,0,0,2,0,5,27,0.185,0,1,0,0,3,0
1641650,Haley Jones,1611661321,DAL,24,Haley,42,70,0.6,26,64,0.406,5,15,0.333,0,2,0,0,1,0,12,35,0.343,0,1,0,0,3,0
203863,Haley Peters,1611661323,CON,33,Haley,11,18,0.611,2,13,0.154,4,12,0.333,0,2,0,0,1,0,8,36,0.222,0,0,0,0,3,0
1630387,Iliana Rupert,1611661331,GSV,24,Iliana,10,16,0.625,9,22,0.409,2,11,0.182,4,9,0.444,4,8,0.5,38,87,0.437,0,0,0,8,17,0.471
204330,Isabelle Harrison,1611661313,NYL,32,Isabelle,34,50,0.68,21,51,0.412,6,18,0.333,0,1,0,1,2,0.5,3,12,0.25,0,0,0,1,3,0.333
1642808,JJ Quinerly,1611661321,DAL,23,JJ,34,58,0.586,19,60,0.317,6,16,0.375,1,2,0.5,2,2,1,18,49,0.367,0,1,0,3,4,0.75
1629498,Jackie Young,1611661319,LVA,28,Jackie,64,92,0.696,90,181,0.497,26,51,0.51,2,6,0.333,2,4,0.5,76,212,0.358,0,1,0,4,10,0.4
1642292,Jacy Sheldon,1611661322,WAS,25,Jacy,29,37,0.784,6,21,0.286,12,29,0.414,5,10,0.5,5,6,0.833,26,73,0.356,0,2,0,10,16,0.625
1631141,Jade Melbourne,1611661322,WAS,23,Jade,38,74,0.514,23,45,0.511,3,11,0.273,5,15,0.333,2,4,0.5,19,74,0.257,0,2,0,7,19,0.368
1642240,Jaelyn Brown,1611661323,CON,27,Jaelyn,2,4,0.5,0,3,0,4,12,0.333,1,3,0.333,1,1,1,6,14,0.429,0,0,0,2,4,0.5
1642767,Janelle Salaün,1611661331,GSV,24,Janelle,33,49,0.673,16,45,0.356,35,96,0.365,8,16,0.5,2,18,0.111,53,137,0.387,0,1,0,10,34,0.294
1642320,Jaylyn Sherrod,1611661324,MIN,24,Jaylyn,5,7,0.714,1,5,0.2,0,3,0,0,3,0,0,1,0,3,9,0.333,0,0,0,0,4,0
1629491,Jessica Shepard,1611661324,MIN,29,Jessica,104,138,0.754,21,47,0.447,7,21,0.333,0,0,0,0,0,0,0,1,0,0,0,0,NA,NA,NA
204319,Jewell Loyd,1611661319,LVA,32,Jewell,18,40,0.45,31,71,0.437,17,54,0.315,25,50,0.5,7,17,0.412,68,194,0.351,0,1,0,32,67,0.478
1627673,Jonquel Jones,1611661313,NYL,32,Jonquel,63,95,0.663,21,59,0.356,13,27,0.481,4,6,0.667,2,9,0.222,47,110,0.427,0,0,0,6,15,0.4
1628886,Jordin Canada,1611661330,ATL,30,Jordin,49,100,0.49,29,72,0.403,5,15,0.333,1,6,0.167,0,1,0,24,76,0.316,0,3,0,1,7,0.143
1630115,Joyner Holmes,1611661319,LVA,27,Joyner,0,1,0,2,3,0.667,0,3,0,0,0,0,0,1,0,1,4,0.25,0,0,0,0,1,0
1627700,Julie Allemand,1611661320,LAS,29,Julie,37,48,0.771,3,6,0.5,2,4,0.5,1,9,0.111,0,3,0,27,89,0.303,0,0,0,1,12,0.083
1642210,Julie Vanloo,1611661320,LAS,32,Julie,2,6,0.333,5,8,0.625,1,5,0.2,2,2,1,0,1,0,23,88,0.261,0,1,0,2,3,0.667
1627674,Kahleah Copper,1611661317,PHX,31,Kahleah,59,102,0.578,23,64,0.359,14,44,0.318,7,17,0.412,1,1,1,49,133,0.368,0,0,0,8,18,0.444
1630097,Kaila Charles,1611661331,GSV,27,Kaila,26,48,0.542,20,49,0.408,8,19,0.421,1,4,0.25,4,9,0.444,20,59,0.339,0,0,0,5,13,0.385
1642822,Kaitlyn Chen,1611661331,GSV,23,Kaitlyn,6,11,0.545,7,18,0.389,1,6,0.167,0,2,0,1,1,1,4,11,0.364,0,1,0,1,3,0.333
1629480,Kalani Brown,1611661317,PHX,28,Kalani,44,68,0.647,10,15,0.667,2,5,0.4,0,2,0,0,0,0,3,6,0.5,0,0,0,0,2,0
1630154,Kamiah Smalls,1611661330,ATL,27,Kamiah,0,0,0,NA,NA,NA,0,0,0,0,0,0,NA,NA,NA,0,0,0,0,0,0,NA,NA,NA
1642289,Kamilla Cardoso,1611661329,CHI,24,Kamilla,166,285,0.582,48,117,0.41,8,18,0.444,0,0,0,1,1,1,0,1,0,0,0,0,1,1,1
1642773,Kariata Diaby,1611661323,CON,30,Kariata,5,9,0.556,1,3,0.333,1,2,0.5,0,0,0,0,0,0,0,0,0,0,0,0,NA,NA,NA
1628317,Karlie Samuelson,1611661324,MIN,30,Karlie,1,2,0.5,1,3,0.333,0,3,0,1,2,0.5,3,3,1,8,29,0.276,0,0,0,4,5,0.8
1642324,Kate Martin,1611661331,GSV,25,Kate,13,29,0.448,12,37,0.324,4,16,0.25,3,13,0.231,7,20,0.35,47,151,0.311,0,0,0,10,33,0.303
1628957,Kathryn Westbeld,1611661317,PHX,30,Kathryn,24,47,0.511,9,28,0.321,2,9,0.222,6,20,0.3,1,9,0.111,35,102,0.343,0,0,0,7,29,0.241
203825,Kayla McBride,1611661324,MIN,33,Kayla,30,50,0.6,22,53,0.415,23,64,0.359,6,15,0.4,6,10,0.6,91,236,0.386,0,0,0,12,25,0.48
203866,Kayla Thornton,1611661331,GSV,33,Kayla,22,42,0.524,32,66,0.485,6,26,0.231,3,15,0.2,1,8,0.125,36,118,0.305,0,1,0,4,23,0.174
1628909,Kelsey Mitchell,1611661325,IND,30,Kelsey,124,208,0.596,36,80,0.45,44,121,0.364,3,6,0.5,7,15,0.467,101,261,0.387,0,0,0,10,21,0.476
1628276,Kelsey Plum,1611661320,LAS,31,Kelsey,87,141,0.617,63,161,0.391,12,37,0.324,4,5,0.8,11,22,0.5,84,251,0.335,0,1,0,15,27,0.556
1629568,Kennedy Burke,1611661313,NYL,28,Kennedy,44,65,0.677,11,38,0.289,1,4,0.25,6,10,0.6,2,7,0.286,38,94,0.404,0,0,0,8,17,0.471
1628915,Kia Nurse,1611661329,CHI,29,Kia,20,40,0.5,10,34,0.294,12,35,0.343,1,11,0.091,7,13,0.538,53,158,0.335,0,0,0,8,24,0.333
204329,Kiah Stokes,1611661319,LVA,32,Kiah,8,16,0.5,7,10,0.7,0,2,0,0,5,0,2,11,0.182,1,7,0.143,0,0,0,2,16,0.125
1630461,Kiana Williams,1611661317,PHX,26,Kiana,1,4,0.25,4,5,0.8,3,5,0.6,0,0,0,0,0,0,9,26,0.346,0,0,0,NA,NA,NA
1631006,Kierstan Bell,1611661319,LVA,25,Kierstan,12,16,0.75,4,19,0.211,6,16,0.375,0,2,0,4,6,0.667,26,94,0.277,0,1,0,4,8,0.5
1642792,Kiki Iriafen,1611661322,WAS,22,Kiki,147,231,0.636,36,108,0.333,37,105,0.352,0,0,0,0,0,0,2,11,0.182,0,0,0,NA,NA,NA
1629490,Kitija Laksa,1611661317,PHX,29,Kitija,9,11,0.818,5,15,0.333,14,34,0.412,6,11,0.545,4,8,0.5,28,100,0.28,0,1,0,10,19,0.526
1642768,Kyara Linskens,1611661331,GSV,29,Kyara,1,3,0.333,1,1,1,0,0,0,0,0,0,0,0,0,0,1,0,0,0,0,NA,NA,NA
1643154,Kyra Lambert,1611661325,IND,29,Kyra,NA,NA,NA,NA,NA,NA,NA,NA,NA,NA,NA,NA,NA,NA,NA,0,0,0,NA,NA,NA,NA,NA,NA
1641656,Laeticia Amihere,1611661331,GSV,24,Laeticia,34,51,0.667,14,40,0.35,1,2,0.5,1,4,0.25,0,2,0,2,14,0.143,0,1,0,1,6,0.167
1630142,Leonie Fiebich,1611661313,NYL,26,Leonie,38,58,0.655,13,30,0.433,6,13,0.462,8,13,0.615,7,12,0.583,36,95,0.379,0,0,0,15,25,0.6
1631118,Lexi Held,1611661317,PHX,26,Lexi,13,24,0.542,9,23,0.391,12,26,0.462,1,7,0.143,3,5,0.6,24,78,0.308,0,1,0,4,12,0.333
1628882,Lexie Brown,1611661328,SEA,31,Lexie,5,6,0.833,0,2,0,2,3,0.667,2,5,0.4,0,1,0,8,31,0.258,0,0,0,2,6,0.333
1631086,Lexie Hull,1611661325,IND,26,Lexie,31,67,0.463,16,47,0.34,16,35,0.457,11,31,0.355,8,22,0.364,36,97,0.371,0,0,0,19,53,0.358
1642303,Leïla Lacan,1611661323,CON,21,Leïla,49,69,0.71,23,43,0.535,17,39,0.436,2,2,1,1,1,1,12,62,0.194,0,2,0,3,3,1
1629574,Li Yueru,1611661321,DAL,26,Li,25,54,0.463,9,27,0.333,8,17,0.471,1,2,0.5,0,1,0,19,51,0.373,0,1,0,1,3,0.333
1642820,Liatu King,1611661321,DAL,23,Liatu,7,7,1,5,13,0.385,0,1,0,0,0,0,0,0,0,1,6,0.167,0,0,0,NA,NA,NA
1628263,Lindsay Allen,1611661323,CON,30,Lindsay,12,18,0.667,6,21,0.286,5,8,0.625,0,2,0,0,0,0,3,16,0.188,0,0,0,0,2,0
1642802,Lucy Olsen,1611661322,WAS,22,Lucy,11,14,0.786,12,29,0.414,24,46,0.522,2,7,0.286,2,6,0.333,15,57,0.263,0,0,0,4,13,0.308
1630143,Luisa Geiselsöder,1611661321,DAL,25,Luisa,19,24,0.792,13,34,0.382,13,27,0.481,2,6,0.333,2,4,0.5,27,84,0.321,0,0,0,4,10,0.4
1642307,Mackenzie Holmes,1611661328,SEA,25,Mackenzie,3,3,1,2,2,1,0,2,0,0,0,0,0,0,0,0,0,0,0,0,0,NA,NA,NA
1641652,Maddy Siegrist,1611661321,DAL,25,Maddy,56,81,0.691,35,73,0.479,15,34,0.441,2,13,0.154,0,0,0,24,67,0.358,0,1,0,2,13,0.154
1642818,Maddy Westbeld,1611661329,CHI,23,Maddy,3,14,0.214,9,24,0.375,9,24,0.375,0,3,0,1,1,1,16,39,0.41,0,0,0,1,4,0.25
1642810,Madison Scott,1611661322,WAS,24,Madison,2,5,0.4,1,2,0.5,2,3,0.667,0,0,0,0,1,0,0,0,0,0,0,0,0,1,0
1642815,Makayla Timpson,1611661325,IND,23,Makayla,23,36,0.639,9,20,0.45,0,1,0,0,0,0,0,0,0,0,0,0,0,0,0,NA,NA,NA
1642841,Mamignan Touré,1611661323,CON,31,Mamignan,4,6,0.667,1,6,0.167,1,5,0.2,2,7,0.286,0,0,0,6,15,0.4,0,0,0,2,7,0.286
1628926,Maria Kliundikova,1611661324,MIN,27,Maria,43,62,0.694,8,26,0.308,5,15,0.333,0,1,0,0,2,0,8,22,0.364,0,0,0,0,3,0
1629497,Marina Mabrey,1611661323,CON,29,Marina,50,80,0.625,33,76,0.434,30,88,0.341,5,7,0.714,0,3,0,61,234,0.261,0,0,0,5,10,0.5
1629546,Marine Johannès,1611661313,NYL,31,Marine,15,21,0.714,10,25,0.4,10,17,0.588,5,13,0.385,3,7,0.429,57,166,0.343,0,3,0,8,20,0.4
1642763,Marième Badiane,1611661324,MIN,31,Marième,0,2,0,0,0,0,0,0,0,NA,NA,NA,0,0,0,0,1,0,0,0,0,NA,NA,NA
1642301,Marquesha Davis,1611661329,CHI,24,Marquesha,0,1,0,1,1,1,1,4,0.25,0,0,0,0,2,0,0,2,0,0,0,0,0,2,0
1630471,Maya Caldwell,1611661330,ATL,27,Maya,28,44,0.636,9,23,0.391,7,18,0.389,11,22,0.5,2,9,0.222,26,79,0.329,0,0,0,13,31,0.419
1629484,Megan Gustafson,1611661319,LVA,29,Megan,4,5,0.8,3,11,0.273,0,2,0,2,5,0.4,2,5,0.4,9,29,0.31,0,0,0,4,10,0.4
1642799,Megan McConnell,1611661317,PHX,24,Megan,0,2,0,0,0,0,0,0,0,0,0,0,0,0,0,1,2,0.5,0,0,0,NA,NA,NA
1628920,Mercedes Russell,1611661320,LAS,30,Mercedes,5,10,0.5,7,15,0.467,0,2,0,0,0,0,0,0,0,0,0,0,0,0,0,NA,NA,NA
1630446,Michaela Onyenwere,1611661329,CHI,26,Michaela,40,68,0.588,19,58,0.328,6,17,0.353,6,16,0.375,3,3,1,15,49,0.306,0,0,0,9,19,0.474
1642777,Monique Akoa Makani,1611661317,PHX,25,Monique,23,43,0.535,18,43,0.419,24,56,0.429,4,11,0.364,6,17,0.353,39,94,0.415,0,1,0,10,28,0.357
1628881,Monique Billings,1611661331,GSV,29,Monique,35,47,0.745,20,55,0.364,7,13,0.538,3,6,0.5,2,8,0.25,5,22,0.227,0,0,0,5,14,0.357
1627669,Moriah Jefferson,1611661329,CHI,31,Moriah,0,0,0,1,1,1,1,4,0.25,0,0,0,1,1,1,0,2,0,0,0,0,1,1,1
1642774,Murjanatu Musa,1611661317,PHX,25,Murjanatu,9,16,0.563,4,13,0.308,2,4,0.5,0,0,0,0,0,0,1,2,0.5,0,0,0,NA,NA,NA
1628899,Myisha Hines-Allen,1611661321,DAL,30,Myisha,59,113,0.522,30,55,0.545,7,21,0.333,3,5,0.6,0,2,0,13,52,0.25,0,1,0,3,7,0.429
1631019,NaLyssa Smith,1611661319,LVA,25,NaLyssa,59,95,0.621,53,101,0.525,14,44,0.318,1,2,0.5,0,1,0,7,24,0.292,0,0,0,1,3,0.333
1629483,Napheesa Collier,1611661324,MIN,29,Napheesa,104,142,0.732,76,166,0.458,45,86,0.523,3,4,0.75,2,2,1,45,118,0.381,0,0,0,5,6,0.833
204333,Natasha Cloud,1611661313,NYL,33,Natasha,60,90,0.667,26,66,0.394,13,39,0.333,3,12,0.25,2,3,0.667,47,137,0.343,0,2,0,5,15,0.333
203827,Natasha Howard,1611661325,IND,34,Natasha,133,195,0.682,58,114,0.509,3,20,0.15,1,3,0.333,1,3,0.333,4,27,0.148,0,0,0,2,6,0.333
1630442,Natasha Mack,1611661317,PHX,28,Natasha,39,55,0.709,28,50,0.56,4,15,0.267,0,2,0,0,0,0,0,2,0,0,0,0,0,2,0
1629567,Natisha Hiedeman,1611661324,MIN,28,Natisha,78,104,0.75,21,57,0.368,6,22,0.273,2,4,0.5,3,8,0.375,41,108,0.38,0,4,0,5,12,0.417
1631044,Naz Hillmon,1611661330,ATL,25,Naz,80,112,0.714,5,18,0.278,1,5,0.2,2,17,0.118,2,6,0.333,49,142,0.345,0,0,0,4,23,0.174
1628269,Nia Coffey,1611661330,ATL,30,Nia,27,52,0.519,3,10,0.3,1,3,0.333,3,7,0.429,3,5,0.6,18,70,0.257,0,0,0,6,12,0.5
203014,Nneka Ogwumike,1611661328,SEA,35,Nneka,114,147,0.776,85,169,0.503,55,121,0.455,6,15,0.4,8,17,0.471,52,148,0.351,0,0,0,14,32,0.438
1631055,Nyara Sabally,1611661313,NYL,25,Nyara,23,38,0.605,10,28,0.357,3,3,1,0,2,0,0,0,0,1,5,0.2,0,0,0,0,2,0
203824,Odyssey Sims,1611661325,IND,33,Odyssey,32,53,0.604,32,82,0.39,4,16,0.25,1,6,0.167,2,7,0.286,18,51,0.353,0,0,0,3,13,0.231
1631135,Olivia Nelson-Ododa,1611661323,CON,25,Olivia,68,101,0.673,20,59,0.339,24,53,0.453,0,0,0,0,0,0,1,2,0.5,0,0,0,NA,NA,NA
1642784,Paige Bueckers,1611661321,DAL,24,Paige,51,73,0.699,80,152,0.526,89,200,0.445,0,1,0,0,2,0,39,115,0.339,0,0,0,0,3,0
1627671,Rachel Banham,1611661329,CHI,32,Rachel,9,19,0.474,13,29,0.448,21,49,0.429,4,11,0.364,3,6,0.5,79,224,0.353,0,0,0,7,17,0.412
1630996,Rae Burrell,1611661320,LAS,25,Rae,42,69,0.609,11,37,0.297,2,5,0.4,3,10,0.3,0,3,0,19,54,0.352,0,0,0,3,13,0.231
1642796,Rayah Marshall,1611661323,CON,22,Rayah,5,11,0.455,2,11,0.182,2,3,0.667,0,0,0,0,0,0,0,1,0,0,0,0,NA,NA,NA
204296,Rebecca Allen,1611661329,CHI,33,Rebecca,19,34,0.559,6,27,0.222,15,47,0.319,4,8,0.5,4,9,0.444,34,115,0.296,0,0,0,8,17,0.471
203822,Rebekah Gardner,1611661313,NYL,35,Rebekah,28,45,0.622,5,20,0.25,2,3,0.667,1,6,0.167,2,5,0.4,17,31,0.548,0,0,0,3,11,0.273
1631009,Rhyne Howard,1611661330,ATL,25,Rhyne,33,61,0.541,29,71,0.408,23,50,0.46,3,10,0.3,1,4,0.25,98,290,0.338,0,13,0,4,14,0.286
1642288,Rickea Jackson,1611661320,LAS,24,Rickea,87,134,0.649,35,111,0.315,18,51,0.353,8,22,0.364,0,3,0,57,162,0.352,0,0,0,8,25,0.32
1641641,Robyn Parks,1611661323,CON,33,Robyn,0,0,0,0,0,0,1,1,1,0,0,0,0,0,0,0,4,0,0,0,0,NA,NA,NA
1629477,Sabrina Ionescu,1611661313,NYL,28,Sabrina,58,85,0.682,48,127,0.378,43,90,0.478,2,11,0.182,5,7,0.714,74,252,0.294,0,1,0,7,18,0.389
1628244,Sami Whitcomb,1611661317,PHX,37,Sami,24,45,0.533,11,35,0.314,8,17,0.471,5,13,0.385,5,15,0.333,76,210,0.362,0,0,0,10,28,0.357
1642790,Sania Feagin,1611661320,LAS,22,Sania,9,12,0.75,1,11,0.091,0,1,0,0,0,0,0,0,0,0,4,0,0,0,0,NA,NA,NA
1642809,Saniya Rivers,1611661323,CON,22,Saniya,42,69,0.609,21,46,0.457,36,108,0.333,4,12,0.333,0,7,0,39,104,0.375,0,3,0,4,19,0.211
1642782,Sarah Ashlee Barker,1611661320,LAS,24,Sarah Ashlee,13,26,0.5,2,13,0.154,2,4,0.5,1,8,0.125,5,11,0.455,12,42,0.286,0,0,0,6,19,0.316
1630149,Satou Sabally,1611661317,PHX,27,Satou,83,136,0.61,45,123,0.366,13,47,0.277,3,5,0.6,3,5,0.6,61,198,0.308,0,1,0,6,10,0.6
1642813,Serena Sundell,1611661321,DAL,23,Serena,0,0,0,0,0,0,0,0,0,0,0,0,0,0,0,0,1,0,0,0,0,NA,NA,NA
1642244,Sevgi Uzun,1611661329,CHI,28,Sevgi,10,15,0.667,9,30,0.3,7,20,0.35,1,5,0.2,0,1,0,4,24,0.167,0,0,0,1,6,0.167
1631022,Shakira Austin,1611661322,WAS,25,Shakira,118,179,0.659,52,159,0.327,19,58,0.328,0,0,0,0,0,0,2,15,0.133,0,0,0,NA,NA,NA
1628278,Shatori Walker-Kimbrough,1611661330,ATL,30,Shatori,5,9,0.556,3,7,0.429,7,16,0.438,6,8,0.75,1,1,1,4,22,0.182,0,0,0,7,9,0.778
203035,Shey Peddy,1611661325,IND,37,Shey,4,6,0.667,4,10,0.4,3,4,0.75,2,2,1,5,10,0.5,9,22,0.409,0,1,0,7,12,0.583
1631021,Sika Koné,1611661330,ATL,23,Sika,3,9,0.333,3,7,0.429,0,1,0,0,1,0,0,0,0,1,4,0.25,0,0,0,0,1,0
203400,Skylar Diggins,1611661328,SEA,35,Skylar,63,105,0.6,62,167,0.371,41,97,0.423,4,6,0.667,3,5,0.6,55,157,0.35,0,2,0,7,11,0.636
1642785,Sonia Citron,1611661322,WAS,22,Sonia,75,106,0.708,39,106,0.368,28,80,0.35,9,24,0.375,3,4,0.75,69,153,0.451,0,1,0,12,28,0.429
1629482,Sophie Cunningham,1611661325,IND,29,Sophie,30,47,0.638,0,3,0,1,7,0.143,2,14,0.143,2,5,0.4,47,99,0.475,0,0,0,4,19,0.211
203828,Stefanie Dolson,1611661322,WAS,34,Stefanie,19,25,0.76,5,19,0.263,9,23,0.391,1,6,0.167,1,1,1,25,68,0.368,0,0,0,2,7,0.286
203855,Stephanie Talbot,1611661313,NYL,31,Stephanie,11,17,0.647,9,23,0.391,3,8,0.375,3,11,0.273,2,6,0.333,11,39,0.282,0,0,0,5,17,0.294
1630134,Sug Sutton,1611661322,WAS,27,Sug,28,47,0.596,29,73,0.397,20,43,0.465,3,9,0.333,0,3,0,39,106,0.368,0,1,0,3,12,0.25
202641,Sydney Colson,1611661325,IND,36,Sydney,6,9,0.667,2,6,0.333,5,14,0.357,0,2,0,0,1,0,13,42,0.31,0,2,0,0,3,0
1642814,Taylor Thierry,1611661330,ATL,23,Taylor,1,5,0.2,0,3,0,0,0,0,0,0,0,1,1,1,0,2,0,0,0,0,1,1,1
1642804,Te-Hina Paopao,1611661330,ATL,23,Te-Hina,29,46,0.63,14,35,0.4,2,5,0.4,5,8,0.625,5,11,0.455,41,113,0.363,0,0,0,10,19,0.526
1629479,Teaira McCowan,1611661321,DAL,29,Teaira,31,50,0.62,3,11,0.273,1,4,0.25,0,0,0,0,0,0,1,2,0.5,0,0,0,NA,NA,NA
1627701,Temi Fágbénlé,1611661331,GSV,33,Temi,70,101,0.693,31,57,0.544,12,29,0.414,2,6,0.333,1,14,0.071,9,42,0.214,0,0,0,3,20,0.15
203026,Tiffany Hayes,1611661331,GSV,36,Tiffany,32,60,0.533,24,67,0.358,2,9,0.222,2,2,1,3,6,0.5,36,92,0.391,0,1,0,5,8,0.625
1627676,Tiffany Mitchell,1611661328,SEA,31,Tiffany,13,25,0.52,13,33,0.394,3,14,0.214,0,1,0,0,4,0,11,24,0.458,0,1,0,0,5,0
202250,Tina Charles,1611661323,CON,37,Tina,102,167,0.611,74,213,0.347,72,167,0.431,0,1,0,0,0,0,12,45,0.267,0,0,0,0,1,0
1630112,Tyasha Harris,1611661321,DAL,27,Tyasha,1,3,0.333,0,2,0,2,2,1,0,2,0,0,0,0,5,9,0.556,0,0,0,0,2,0
1631007,Veronica Burton,1611661331,GSV,25,Veronica,33,71,0.465,47,118,0.398,8,19,0.421,2,4,0.5,2,2,1,57,168,0.339,0,3,0,4,6,0.667
1628304,Yvonne Anderson,1611661324,MIN,35,Yvonne,0,0,0,0,1,0,0,1,0,0,0,0,0,0,0,0,1,0,0,0,0,NA,NA,NA
1641660,Zia Cooke,1611661328,SEA,25,Zia,9,13,0.692,3,23,0.13,3,10,0.3,3,6,0.5,1,3,0.333,11,28,0.393,0,1,0,4,9,0.444
