playerName,rim_fgm,rim_fga,paint_fgm,paint_fga,mid_fgm,mid_fga,corner3_fgm,corner3_fga,ab3_fgm,ab3_fga,three_fgm,three_fga,total_fgm,total_fga,rim_fg,paint_fg,mid_fg,corner3_fg,ab3_fg,three_fg,total_fg,rim_att_share,paint_att_share,mid_att_share,corner3_att_share,ab3_att_share,three_att_share,age,playerId,teamId,pos
A'ja Wilson,91.0,130.0,150.0,323.0,66.0,146.0,2.0,4.0,23,55,25.0,59.0,332.0,658.0,0.7,0.46439628482972134,0.4520547945205479,0.5,0.41818181818181815,0.423728813559322,0.5045592705167173,0.19756838905775076,0.4908814589665654,0.22188449848024316,0.0060790273556231,0.08358662613981763,0.08966565349544073,29,player_a_ja_wilson,LVA,C
Aaliyah Edwards,43.0,71.0,19.0,44.0,7.0,30.0,0.0,3.0,0,6,0.0,9.0,69.0,154.0,0.6056338028169014,0.4318181818181818,0.23333333333333334,0.0,0.0,0.0,0.44805194805194803,0.461038961038961,0.2857142857142857,0.19480519480519481,0.01948051948051948,0.03896103896103896,0.05844155844155844,23,player_aaliyah_edwards,CON,F
Aaliyah Nye,9.0,20.0,11.0,23.0,2.0,10.0,11.0,30.0,26,88,37.0,118.0,59.0,171.0,0.45,0.4782608695652174,0.2,0.36666666666666664,0.29545454545454547,0.3135593220338983,0.34502923976608185,0.11695906432748537,0.13450292397660818,0.05847953216374269,0.17543859649122806,0.5146198830409356,0.6900584795321637,23,player_aaliyah_nye,LVA,G-F
Aari McDonald,31.0,47.0,6.0,19.0,5.0,10.0,1.0,3.0,23,75,24.0,78.0,66.0,154.0,0.6595744680851063,0.3157894736842105,0.5,0.3333333333333333,0.30666666666666664,0.3076923076923077,0.42857142857142855,0.3051948051948052,0.12337662337662338,0.06493506493506493,0.01948051948051948,0.487012987012987,0.5064935064935064,27,player_aari_mcdonald,IND,G
Aerial Powers,11.0,16.0,5.0,17.0,4.0,13.0,0.0,1.0,7,18,7.0,19.0,27.0,65.0,0.6875,0.29411764705882354,0.3076923076923077,0.0,0.3888888888888889,0.3684210526315789,0.4153846153846154,0.24615384615384617,0.26153846153846155,0.2,0.015384615384615385,0.27692307692307694,0.2923076923076923,32,player_aerial_powers,GSV,G
Ajae Petty,0.0,0.0,0.0,0.0,0.0,0.0,,,0,0,,,,,,,,,,,,0.0,0.0,0.0,0.0,0.0,0.0,23,player_ajae_petty,DAL,F
Alanna Smith,87.0,131.0,11.0,21.0,9.0,17.0,12.0,24.0,41,137,53.0,161.0,160.0,330.0,0.6641221374045801,0.5238095238095238,0.5294117647058824,0.5,0.29927007299270075,0.32919254658385094,0.48484848484848486,0.396969696969697,0.06363636363636363,0.051515151515151514,0.07272727272727272,0.41515151515151516,0.48787878787878786,29,player_alanna_smith,MIN,F
Alexis Prince,0.0,0.0,1.0,1.0,0.0,1.0,,,0,1,,,,,,1.0,0.0,,0.0,,,0.0,0.0,0.0,0.0,0.0,0.0,32,player_alexis_prince,PHO,F
Alissa Pili,8.0,14.0,0.0,0.0,1.0,2.0,1.0,2.0,3,10,4.0,12.0,13.0,28.0,0.5714285714285714,,0.5,0.5,0.3,0.3333333333333333,0.4642857142857143,0.5,0.0,0.07142857142857142,0.07142857142857142,0.35714285714285715,0.42857142857142855,24,player_alissa_pili,LAS,F
Aliyah Boston,158.0,256.0,76.0,161.0,31.0,58.0,0.0,3.0,6,25,6.0,28.0,271.0,503.0,0.6171875,0.4720496894409938,0.5344827586206896,0.0,0.24,0.21428571428571427,0.5387673956262425,0.5089463220675944,0.32007952286282304,0.11530815109343936,0.005964214711729622,0.04970178926441352,0.055666003976143144,24,player_aliyah_boston,IND,C-F
Allisha Gray,90.0,147.0,45.0,110.0,13.0,34.0,1.0,9.0,97,246,98.0,255.0,246.0,546.0,0.6122448979591837,0.4090909090909091,0.38235294117647056,0.1111111111111111,0.3943089430894309,0.3843137254901961,0.45054945054945056,0.2692307692307692,0.20146520146520147,0.06227106227106227,0.016483516483516484,0.45054945054945056,0.46703296703296704,31,player_allisha_gray,ATL,G
Alysha Clark,16.0,27.0,16.0,27.0,1.0,9.0,8.0,23.0,18,73,26.0,96.0,59.0,159.0,0.5925925925925926,0.5925925925925926,0.1111111111111111,0.34782608695652173,0.2465753424657534,0.2708333333333333,0.3710691823899371,0.16981132075471697,0.16981132075471697,0.05660377358490566,0.14465408805031446,0.4591194968553459,0.6037735849056604,38,player_alysha_clark,WAS,F
Alyssa Thomas,109.0,162.0,102.0,221.0,30.0,64.0,,,0,5,,,,,0.6728395061728395,0.46153846153846156,0.46875,,0.0,,,0.0,0.0,0.0,0.0,0.0,0.0,33,player_alyssa_thomas,PHO,F
Amy Okonkwo,12.0,15.0,6.0,13.0,2.0,3.0,1.0,1.0,9,29,10.0,30.0,30.0,61.0,0.8,0.46153846153846156,0.6666666666666666,1.0,0.3103448275862069,0.3333333333333333,0.4918032786885246,0.2459016393442623,0.21311475409836064,0.04918032786885246,0.01639344262295082,0.47540983606557374,0.4918032786885246,29,player_amy_okonkwo,DAL,F
Anastasiia Olairi Kosu,11.0,16.0,2.0,11.0,0.0,0.0,0.0,1.0,0,1,0.0,2.0,13.0,29.0,0.6875,0.18181818181818182,,0.0,0.0,0.0,0.4482758620689655,0.5517241379310345,0.3793103448275862,0.0,0.034482758620689655,0.034482758620689655,0.06896551724137931,20,,,
Aneesah Morrow,59.0,116.0,21.0,65.0,14.0,43.0,0.0,5.0,18,70,18.0,75.0,112.0,299.0,0.5086206896551724,0.3230769230769231,0.32558139534883723,0.0,0.2571428571428571,0.24,0.3745819397993311,0.3879598662207358,0.21739130434782608,0.14381270903010032,0.016722408026755852,0.23411371237458195,0.2508361204013378,23,player_aneesah_morrow,CON,F
Angel Reese,116.0,229.0,28.0,70.0,5.0,13.0,0.0,3.0,4,19,4.0,22.0,153.0,334.0,0.5065502183406113,0.4,0.38461538461538464,0.0,0.21052631578947367,0.18181818181818182,0.45808383233532934,0.6856287425149701,0.20958083832335328,0.038922155688622756,0.008982035928143712,0.05688622754491018,0.0658682634730539,23,player_angel_reese,CHI,F
Ariel Atkins,22.0,45.0,45.0,86.0,52.0,115.0,7.0,14.0,36,104,43.0,118.0,162.0,364.0,0.4888888888888889,0.5232558139534884,0.45217391304347826,0.5,0.34615384615384615,0.3644067796610169,0.44505494505494503,0.12362637362637363,0.23626373626373626,0.3159340659340659,0.038461538461538464,0.2857142857142857,0.3241758241758242,29,player_ariel_atkins,CHI,G
Arike Ogunbowale,26.0,48.0,36.0,85.0,37.0,113.0,4.0,8.0,44,150,48.0,158.0,147.0,404.0,0.5416666666666666,0.4235294117647059,0.3274336283185841,0.5,0.29333333333333333,0.3037974683544304,0.36386138613861385,0.1188118811881188,0.2103960396039604,0.27970297029702973,0.019801980198019802,0.3712871287128713,0.3910891089108911,28,player_arike_ogunbowale,DAL,G
Aziaha James,33.0,48.0,33.0,80.0,8.0,44.0,7.0,23.0,25,86,32.0,109.0,106.0,281.0,0.6875,0.4125,0.18181818181818182,0.30434782608695654,0.29069767441860467,0.29357798165137616,0.37722419928825623,0.1708185053380783,0.2846975088967972,0.15658362989323843,0.08185053380782918,0.30604982206405695,0.3879003558718861,23,player_aziaha_james,DAL,G
Azurá Stevens,97.0,149.0,22.0,57.0,11.0,27.0,17.0,35.0,57,159,74.0,194.0,204.0,427.0,0.6510067114093959,0.38596491228070173,0.4074074074074074,0.4857142857142857,0.3584905660377358,0.38144329896907214,0.477751756440281,0.34894613583138173,0.13348946135831383,0.06323185011709602,0.08196721311475409,0.37236533957845436,0.45433255269320844,30,player_azura_stevens,LAS,F-C
Breanna Stewart,91.0,122.0,63.0,147.0,13.0,52.0,2.0,10.0,19,77,21.0,87.0,188.0,408.0,0.7459016393442623,0.42857142857142855,0.25,0.2,0.24675324675324675,0.2413793103448276,0.46078431372549017,0.29901960784313725,0.3602941176470588,0.12745098039215685,0.024509803921568627,0.18872549019607843,0.21323529411764705,31,player_breanna_stewart,NYL,F
Bree Hall,1.0,1.0,0.0,1.0,0.0,1.0,,,0,2,,,,,1.0,0.0,0.0,,0.0,,,0.0,0.0,0.0,0.0,0.0,0.0,22,player_bree_hall,IND,G
Bria Hartley,25.0,57.0,6.0,40.0,21.0,49.0,5.0,14.0,49,131,54.0,145.0,106.0,291.0,0.43859649122807015,0.15,0.42857142857142855,0.35714285714285715,0.37404580152671757,0.3724137931034483,0.3642611683848797,0.1958762886597938,0.13745704467353953,0.16838487972508592,0.048109965635738834,0.45017182130584193,0.49828178694158076,33,player_bria_hartley,CON,G
Brianna Turner,11.0,22.0,2.0,4.0,0.0,5.0,0.0,1.0,0,0,0.0,1.0,13.0,32.0,0.5,0.5,0.0,0.0,,0.0,0.40625,0.6875,0.125,0.15625,0.03125,0.0,0.03125,29,player_brianna_turner,IND,F-C
Bridget Carleton,16.0,28.0,10.0,28.0,13.0,29.0,14.0,31.0,49,138,63.0,169.0,102.0,254.0,0.5714285714285714,0.35714285714285715,0.4482758620689655,0.45161290322580644,0.35507246376811596,0.3727810650887574,0.4015748031496063,0.11023622047244094,0.11023622047244094,0.1141732283464567,0.1220472440944882,0.5433070866141733,0.6653543307086615,28,player_bridget_carleton,MIN,F
Brionna Jones,163.0,261.0,42.0,96.0,8.0,24.0,0.0,1.0,12,45,12.0,46.0,225.0,427.0,0.6245210727969349,0.4375,0.3333333333333333,0.0,0.26666666666666666,0.2608695652173913,0.5269320843091335,0.6112412177985949,0.22482435597189696,0.05620608899297424,0.00234192037470726,0.1053864168618267,0.10772833723653395,30,player_brionna_jones,ATL,F
Brittney Griner,70.0,100.0,58.0,115.0,23.0,67.0,0.0,1.0,5,18,5.0,19.0,156.0,301.0,0.7,0.5043478260869565,0.34328358208955223,0.0,0.2777777777777778,0.2631578947368421,0.5182724252491694,0.33222591362126247,0.38205980066445183,0.22259136212624583,0.0033222591362126247,0.059800664451827246,0.06312292358803986,35,player_brittney_griner,ATL,C
Brittney Sykes,95.0,156.0,33.0,114.0,15.0,85.0,6.0,21.0,25,81,31.0,102.0,174.0,457.0,0.6089743589743589,0.2894736842105263,0.17647058823529413,0.2857142857142857,0.30864197530864196,0.30392156862745096,0.38074398249452956,0.3413566739606127,0.24945295404814005,0.18599562363238512,0.045951859956236324,0.1772428884026258,0.22319474835886213,31,player_brittney_sykes,SEA,G
Caitlin Clark,20.0,37.0,15.0,27.0,8.0,28.0,1.0,1.0,28,103,29.0,104.0,72.0,196.0,0.5405405405405406,0.5555555555555556,0.2857142857142857,1.0,0.27184466019417475,0.27884615384615385,0.3673469387755102,0.18877551020408162,0.1377551020408163,0.14285714285714285,0.00510204081632653,0.5255102040816326,0.5306122448979592,24,player_caitlin_clark,IND,G
Cameron Brink,20.0,27.0,4.0,15.0,1.0,6.0,4.0,13.0,6,19,10.0,32.0,35.0,80.0,0.7407407407407407,0.26666666666666666,0.16666666666666666,0.3076923076923077,0.3157894736842105,0.3125,0.4375,0.3375,0.1875,0.075,0.1625,0.2375,0.4,24,player_cameron_brink,LAS,F
Camryn Taylor,0.0,2.0,0.0,1.0,0.0,1.0,,,1,3,,,,,0.0,0.0,0.0,,0.3333333333333333,,,0.0,0.0,0.0,0.0,0.0,0.0,25,player_camryn_taylor,MIN,F
Carla Leite,23.0,35.0,39.0,75.0,11.0,37.0,1.0,5.0,12,68,13.0,73.0,86.0,220.0,0.6571428571428571,0.52,0.2972972972972973,0.2,0.17647058823529413,0.1780821917808219,0.39090909090909093,0.1590909090909091,0.3409090909090909,0.16818181818181818,0.022727272727272728,0.3090909090909091,0.33181818181818185,21,player_carla_leite,GSV,G
Cecilia Zandalasini,8.0,12.0,11.0,24.0,11.0,23.0,0.0,2.0,37,88,37.0,90.0,67.0,149.0,0.6666666666666666,0.4583333333333333,0.4782608695652174,0.0,0.42045454545454547,0.4111111111111111,0.44966442953020136,0.08053691275167785,0.1610738255033557,0.15436241610738255,0.013422818791946308,0.5906040268456376,0.6040268456375839,29,player_cecilia_zandalasini,GSV,F
Chelsea Gray,21.0,28.0,35.0,78.0,50.0,108.0,5.0,13.0,58,158,63.0,171.0,169.0,385.0,0.75,0.44871794871794873,0.46296296296296297,0.38461538461538464,0.3670886075949367,0.3684210526315789,0.43896103896103894,0.07272727272727272,0.2025974025974026,0.2805194805194805,0.033766233766233764,0.4103896103896104,0.44415584415584414,33,player_chelsea_gray,LVA,G
Cheyenne Parker-Tyus,1.0,1.0,2.0,3.0,1.0,2.0,,,1,2,,,,,1.0,0.6666666666666666,0.5,,0.5,,,0.0,0.0,0.0,0.0,0.0,0.0,33,player_cheyenne_parker_tyus,LVA,F
Chloe Bibby,1.0,1.0,1.0,4.0,2.0,8.0,4.0,9.0,13,33,17.0,42.0,21.0,55.0,1.0,0.25,0.25,0.4444444444444444,0.3939393939393939,0.40476190476190477,0.38181818181818183,0.01818181818181818,0.07272727272727272,0.14545454545454545,0.16363636363636364,0.6,0.7636363636363637,27,player_chloe_bibby,GSV,F
Christyn Williams,1.0,2.0,2.0,7.0,2.0,3.0,,,1,4,,,,,0.5,0.2857142857142857,0.6666666666666666,,0.25,,,0.0,0.0,0.0,0.0,0.0,0.0,25,player_christyn_williams,DAL,G
Courtney Vandersloot,10.0,17.0,8.0,16.0,6.0,10.0,1.0,3.0,4,20,5.0,23.0,29.0,66.0,0.5882352941176471,0.5,0.6,0.3333333333333333,0.2,0.21739130434782608,0.4393939393939394,0.25757575757575757,0.24242424242424243,0.15151515151515152,0.045454545454545456,0.30303030303030304,0.3484848484848485,36,player_courtney_vandersloot,CHI,G
Courtney Williams,37.0,62.0,33.0,72.0,120.0,297.0,1.0,6.0,57,143,58.0,149.0,248.0,580.0,0.5967741935483871,0.4583333333333333,0.40404040404040403,0.16666666666666666,0.3986013986013986,0.38926174496644295,0.42758620689655175,0.10689655172413794,0.12413793103448276,0.5120689655172413,0.010344827586206896,0.24655172413793103,0.25689655172413794,31,player_courtney_williams,MIN,G
Crystal Bradford,1.0,1.0,1.0,2.0,0.0,1.0,,,0,2,,,,,1.0,0.5,0.0,,0.0,,,0.0,0.0,0.0,0.0,0.0,0.0,32,player_crystal_bradford,LVA,F
Damiris Dantas,19.0,25.0,13.0,39.0,6.0,22.0,1.0,5.0,24,90,25.0,95.0,63.0,181.0,0.76,0.3333333333333333,0.2727272727272727,0.2,0.26666666666666666,0.2631578947368421,0.34806629834254144,0.13812154696132597,0.2154696132596685,0.12154696132596685,0.027624309392265192,0.4972375690607735,0.5248618784530387,33,player_damiris_dantas,IND,C-F
Dana Evans,12.0,33.0,34.0,93.0,24.0,48.0,3.0,10.0,34,90,37.0,100.0,107.0,274.0,0.36363636363636365,0.3655913978494624,0.5,0.3,0.37777777777777777,0.37,0.3905109489051095,0.12043795620437957,0.33941605839416056,0.17518248175182483,0.0364963503649635,0.3284671532846715,0.36496350364963503,27,player_dana_evans,LVA,G
DeWanna Bonner,43.0,70.0,10.0,30.0,12.0,37.0,15.0,32.0,25,87,40.0,119.0,105.0,256.0,0.6142857142857143,0.3333333333333333,0.32432432432432434,0.46875,0.28735632183908044,0.33613445378151263,0.41015625,0.2734375,0.1171875,0.14453125,0.125,0.33984375,0.46484375,38,player_dewanna_bonner,IND,G-F
Dearica Hamby,254.0,360.0,51.0,146.0,4.0,6.0,1.0,5.0,14,47,15.0,52.0,324.0,564.0,0.7055555555555556,0.3493150684931507,0.6666666666666666,0.2,0.2978723404255319,0.28846153846153844,0.574468085106383,0.6382978723404256,0.25886524822695034,0.010638297872340425,0.008865248226950355,0.08333333333333333,0.09219858156028368,32,player_dearica_hamby,LAS,F
DiJonai Carrington,51.0,98.0,26.0,81.0,7.0,26.0,4.0,5.0,19,64,23.0,69.0,107.0,274.0,0.5204081632653061,0.32098765432098764,0.2692307692307692,0.8,0.296875,0.3333333333333333,0.3905109489051095,0.35766423357664234,0.2956204379562044,0.0948905109489051,0.01824817518248175,0.23357664233576642,0.2518248175182482,28,player_dijonai_carrington,MIN,G-F
Diamond Miller,31.0,47.0,4.0,26.0,2.0,10.0,2.0,5.0,15,46,17.0,51.0,54.0,134.0,0.6595744680851063,0.15384615384615385,0.2,0.4,0.32608695652173914,0.3333333333333333,0.40298507462686567,0.35074626865671643,0.19402985074626866,0.07462686567164178,0.03731343283582089,0.34328358208955223,0.3805970149253731,24,player_diamond_miller,DAL,F
Dominique Malonga,92.0,131.0,39.0,91.0,10.0,23.0,,,4,18,,,,,0.7022900763358778,0.42857142857142855,0.43478260869565216,,0.2222222222222222,,,0.0,0.0,0.0,0.0,0.0,0.0,20,player_dominique_malonga,SEA,C
Elizabeth Kitley,4.0,8.0,3.0,11.0,0.0,3.0,,,0,1,,,,,0.5,0.2727272727272727,0.0,,0.0,,,0.0,0.0,0.0,0.0,0.0,0.0,24,player_elizabeth_kitley,LVA,C
Elizabeth Williams,99.0,165.0,48.0,129.0,10.0,33.0,,,0,0,,,,,0.6,0.37209302325581395,0.30303030303030304,,,,,0.0,0.0,0.0,0.0,0.0,0.0,32,player_elizabeth_williams,CHI,C-F
Emily Engstler,28.0,35.0,7.0,28.0,2.0,8.0,4.0,17.0,12,45,16.0,62.0,53.0,133.0,0.8,0.25,0.25,0.23529411764705882,0.26666666666666666,0.25806451612903225,0.39849624060150374,0.2631578947368421,0.21052631578947367,0.06015037593984962,0.12781954887218044,0.3383458646616541,0.46616541353383456,25,player_emily_engstler,WAS,F
Emma Cannon,14.0,16.0,3.0,6.0,1.0,5.0,4.0,7.0,10,29,14.0,36.0,32.0,63.0,0.875,0.5,0.2,0.5714285714285714,0.3448275862068966,0.3888888888888889,0.5079365079365079,0.25396825396825395,0.09523809523809523,0.07936507936507936,0.1111111111111111,0.4603174603174603,0.5714285714285714,36,player_emma_cannon,LAS,F
Emma Meesseman,29.0,40.0,32.0,55.0,16.0,43.0,2.0,3.0,12,18,14.0,21.0,91.0,159.0,0.725,0.5818181818181818,0.37209302325581395,0.6666666666666666,0.6666666666666666,0.6666666666666666,0.5723270440251572,0.25157232704402516,0.34591194968553457,0.27044025157232704,0.018867924528301886,0.11320754716981132,0.1320754716981132,32,player_emma_meesseman,NYL,F
Erica Wheeler,33.0,53.0,29.0,79.0,30.0,84.0,7.0,17.0,69,184,76.0,201.0,168.0,417.0,0.6226415094339622,0.3670886075949367,0.35714285714285715,0.4117647058823529,0.375,0.3781094527363184,0.4028776978417266,0.12709832134292565,0.18944844124700239,0.2014388489208633,0.0407673860911271,0.4412470023980815,0.48201438848920863,34,player_erica_wheeler,SEA,G
Ezi Magbegor,84.0,134.0,38.0,91.0,5.0,13.0,0.0,6.0,14,42,14.0,48.0,141.0,286.0,0.6268656716417911,0.4175824175824176,0.38461538461538464,0.0,0.3333333333333333,0.2916666666666667,0.493006993006993,0.46853146853146854,0.3181818181818182,0.045454545454545456,0.02097902097902098,0.14685314685314685,0.16783216783216784,26,player_ezi_magbegor,SEA,F-C
Gabby Williams,83.0,123.0,35.0,102.0,30.0,80.0,9.0,23.0,41,141,50.0,164.0,198.0,469.0,0.6747967479674797,0.3431372549019608,0.375,0.391304347826087,0.2907801418439716,0.3048780487804878,0.42217484008528783,0.2622601279317697,0.21748400852878466,0.17057569296375266,0.04904051172707889,0.3006396588486141,0.34968017057569295,29,player_gabby_williams,SEA,F
Grace Berger,12.0,23.0,11.0,30.0,1.0,13.0,1.0,4.0,1,18,2.0,22.0,26.0,88.0,0.5217391304347826,0.36666666666666664,0.07692307692307693,0.25,0.05555555555555555,0.09090909090909091,0.29545454545454547,0.26136363636363635,0.3409090909090909,0.14772727272727273,0.045454545454545456,0.20454545454545456,0.25,26,player_grace_berger,LAS,G
Hailey Van Lith,14.0,29.0,10.0,24.0,8.0,25.0,0.0,3.0,5,27,5.0,30.0,37.0,108.0,0.4827586206896552,0.4166666666666667,0.32,0.0,0.18518518518518517,0.16666666666666666,0.3425925925925926,0.26851851851851855,0.2222222222222222,0.23148148148148148,0.027777777777777776,0.25,0.2777777777777778,24,player_hailey_van_lith,CHI,G
Haley Jones,42.0,70.0,26.0,64.0,5.0,15.0,0.0,3.0,12,35,12.0,38.0,85.0,187.0,0.6,0.40625,0.3333333333333333,0.0,0.34285714285714286,0.3157894736842105,0.45454545454545453,0.37433155080213903,0.3422459893048128,0.08021390374331551,0.016042780748663103,0.18716577540106952,0.20320855614973263,24,player_haley_jones,PHO,F-G
Haley Peters,11.0,18.0,2.0,13.0,4.0,12.0,0.0,3.0,8,36,8.0,39.0,25.0,82.0,0.6111111111111112,0.15384615384615385,0.3333333333333333,0.0,0.2222222222222222,0.20512820512820512,0.3048780487804878,0.21951219512195122,0.15853658536585366,0.14634146341463414,0.036585365853658534,0.43902439024390244,0.47560975609756095,33,player_haley_peters,CON,F-G
Iliana Rupert,10.0,16.0,9.0,22.0,2.0,11.0,8.0,17.0,38,87,46.0,104.0,67.0,153.0,0.625,0.4090909090909091,0.18181818181818182,0.47058823529411764,0.4367816091954023,0.4423076923076923,0.43790849673202614,0.10457516339869281,0.1437908496732026,0.0718954248366013,0.1111111111111111,0.5686274509803921,0.6797385620915033,24,player_iliana_rupert,GSV,C
Isabelle Harrison,34.0,50.0,21.0,51.0,6.0,18.0,1.0,3.0,3,12,4.0,15.0,65.0,134.0,0.68,0.4117647058823529,0.3333333333333333,0.3333333333333333,0.25,0.26666666666666666,0.48507462686567165,0.373134328358209,0.3805970149253731,0.13432835820895522,0.022388059701492536,0.08955223880597014,0.11194029850746269,32,player_isabelle_harrison,NYL,F
JJ Quinerly,34.0,58.0,19.0,60.0,6.0,16.0,3.0,4.0,18,49,21.0,53.0,80.0,187.0,0.5862068965517241,0.31666666666666665,0.375,0.75,0.3673469387755102,0.39622641509433965,0.42780748663101603,0.31016042780748665,0.32085561497326204,0.0855614973262032,0.0213903743315508,0.2620320855614973,0.28342245989304815,23,player_jj_quinerly,DAL,G
Jackie Young,64.0,92.0,90.0,181.0,26.0,51.0,4.0,10.0,76,212,80.0,222.0,260.0,546.0,0.6956521739130435,0.4972375690607735,0.5098039215686274,0.4,0.3584905660377358,0.36036036036036034,0.47619047619047616,0.1684981684981685,0.3315018315018315,0.09340659340659341,0.018315018315018316,0.3882783882783883,0.4065934065934066,28,player_jackie_young,LVA,G
Jacy Sheldon,29.0,37.0,6.0,21.0,12.0,29.0,10.0,16.0,26,73,36.0,89.0,83.0,176.0,0.7837837837837838,0.2857142857142857,0.41379310344827586,0.625,0.3561643835616438,0.4044943820224719,0.4715909090909091,0.21022727272727273,0.11931818181818182,0.16477272727272727,0.09090909090909091,0.4147727272727273,0.5056818181818182,25,player_jacy_sheldon,WAS,G
Jade Melbourne,38.0,74.0,23.0,45.0,3.0,11.0,7.0,19.0,19,74,26.0,93.0,90.0,223.0,0.5135135135135135,0.5111111111111111,0.2727272727272727,0.3684210526315789,0.25675675675675674,0.27956989247311825,0.40358744394618834,0.33183856502242154,0.20179372197309417,0.04932735426008968,0.08520179372197309,0.33183856502242154,0.4170403587443946,23,player_jade_melbourne,WAS,G
Jaelyn Brown,2.0,4.0,0.0,3.0,4.0,12.0,2.0,4.0,6,14,8.0,18.0,14.0,37.0,0.5,0.0,0.3333333333333333,0.5,0.42857142857142855,0.4444444444444444,0.3783783783783784,0.10810810810810811,0.08108108108108109,0.32432432432432434,0.10810810810810811,0.3783783783783784,0.4864864864864865,27,player_jaelyn_brown,CON,G-F
Janelle Salaün,33.0,49.0,16.0,45.0,35.0,96.0,10.0,34.0,53,137,63.0,171.0,147.0,361.0,0.673469387755102,0.35555555555555557,0.3645833333333333,0.29411764705882354,0.38686131386861317,0.3684210526315789,0.407202216066482,0.13573407202216067,0.12465373961218837,0.2659279778393352,0.09418282548476455,0.37950138504155123,0.47368421052631576,24,player_janelle_sala_n,GSV,F
Jaylyn Sherrod,5.0,7.0,1.0,5.0,0.0,3.0,0.0,4.0,3,9,3.0,13.0,9.0,28.0,0.7142857142857143,0.2,0.0,0.0,0.3333333333333333,0.23076923076923078,0.32142857142857145,0.25,0.17857142857142858,0.10714285714285714,0.14285714285714285,0.32142857142857145,0.4642857142857143,24,player_jaylyn_sherrod,MIN,G
Jessica Shepard,104.0,138.0,21.0,47.0,7.0,21.0,,,0,1,,,,,0.7536231884057971,0.44680851063829785,0.3333333333333333,,0.0,,,0.0,0.0,0.0,0.0,0.0,0.0,29,player_jessica_shepard,MIN,F
Jewell Loyd,18.0,40.0,31.0,71.0,17.0,54.0,32.0,67.0,68,194,100.0,261.0,166.0,426.0,0.45,0.43661971830985913,0.3148148148148148,0.47761194029850745,0.35051546391752575,0.3831417624521073,0.38967136150234744,0.09389671361502347,0.16666666666666666,0.1267605633802817,0.1572769953051643,0.45539906103286387,0.6126760563380281,32,player_jewell_loyd,LVA,G
Jonquel Jones,63.0,95.0,21.0,59.0,13.0,27.0,6.0,15.0,47,110,53.0,125.0,150.0,306.0,0.6631578947368421,0.3559322033898305,0.48148148148148145,0.4,0.42727272727272725,0.424,0.49019607843137253,0.3104575163398693,0.19281045751633988,0.08823529411764706,0.049019607843137254,0.35947712418300654,0.4084967320261438,32,player_jonquel_jones,NYL,C
Jordin Canada,49.0,100.0,29.0,72.0,5.0,15.0,1.0,7.0,24,76,25.0,83.0,108.0,270.0,0.49,0.4027777777777778,0.3333333333333333,0.14285714285714285,0.3157894736842105,0.30120481927710846,0.4,0.37037037037037035,0.26666666666666666,0.05555555555555555,0.025925925925925925,0.2814814814814815,0.3074074074074074,30,player_jordin_canada,ATL,G
Joyner Holmes,0.0,1.0,2.0,3.0,0.0,3.0,0.0,1.0,1,4,1.0,5.0,3.0,12.0,0.0,0.6666666666666666,0.0,0.0,0.25,0.2,0.25,0.08333333333333333,0.25,0.25,0.08333333333333333,0.3333333333333333,0.4166666666666667,27,player_joyner_holmes,LVA,F
Julie Allemand,37.0,48.0,3.0,6.0,2.0,4.0,1.0,12.0,27,89,28.0,101.0,70.0,159.0,0.7708333333333334,0.5,0.5,0.08333333333333333,0.30337078651685395,0.27722772277227725,0.44025157232704404,0.3018867924528302,0.03773584905660377,0.025157232704402517,0.07547169811320754,0.559748427672956,0.6352201257861635,29,player_julie_allemand,LAS,G
Julie Vanloo,2.0,6.0,5.0,8.0,1.0,5.0,2.0,3.0,23,88,25.0,91.0,33.0,110.0,0.3333333333333333,0.625,0.2,0.6666666666666666,0.26136363636363635,0.27472527472527475,0.3,0.05454545454545454,0.07272727272727272,0.045454545454545456,0.02727272727272727,0.8,0.8272727272727273,32,player_julie_vanloo,GSV,G
Kahleah Copper,59.0,102.0,23.0,64.0,14.0,44.0,8.0,18.0,49,133,57.0,151.0,153.0,361.0,0.5784313725490197,0.359375,0.3181818181818182,0.4444444444444444,0.3684210526315789,0.37748344370860926,0.42382271468144045,0.28254847645429365,0.1772853185595568,0.12188365650969529,0.04986149584487535,0.3684210526315789,0.4182825484764543,31,player_kahleah_copper,PHO,G-F
Kaila Charles,26.0,48.0,20.0,49.0,8.0,19.0,5.0,13.0,20,59,25.0,72.0,79.0,188.0,0.5416666666666666,0.40816326530612246,0.42105263157894735,0.38461538461538464,0.3389830508474576,0.3472222222222222,0.42021276595744683,0.2553191489361702,0.26063829787234044,0.10106382978723404,0.06914893617021277,0.31382978723404253,0.3829787234042553,27,player_kaila_charles,DAL,G-F
Kaitlyn Chen,6.0,11.0,7.0,18.0,1.0,6.0,1.0,3.0,4,11,5.0,14.0,19.0,49.0,0.5454545454545454,0.3888888888888889,0.16666666666666666,0.3333333333333333,0.36363636363636365,0.35714285714285715,0.3877551020408163,0.22448979591836735,0.3673469387755102,0.12244897959183673,0.061224489795918366,0.22448979591836735,0.2857142857142857,23,player_kaitlyn_chen,GSV,G
Kalani Brown,44.0,68.0,10.0,15.0,2.0,5.0,0.0,2.0,3,6,3.0,8.0,59.0,96.0,0.6470588235294118,0.6666666666666666,0.4,0.0,0.5,0.375,0.6145833333333334,0.7083333333333334,0.15625,0.052083333333333336,0.020833333333333332,0.0625,0.08333333333333333,28,player_kalani_brown,PHO,C
Kamiah Smalls,0.0,0.0,,,0.0,0.0,,,0,0,,,,,,,,,,,,0.0,0.0,0.0,0.0,0.0,0.0,27,player_kamiah_smalls,ATL,G
Kamilla Cardoso,166.0,285.0,48.0,117.0,8.0,18.0,1.0,1.0,0,1,1.0,2.0,223.0,422.0,0.5824561403508772,0.41025641025641024,0.4444444444444444,1.0,0.0,0.5,0.5284360189573459,0.6753554502369669,0.2772511848341232,0.04265402843601896,0.002369668246445498,0.002369668246445498,0.004739336492890996,24,player_kamilla_cardoso,CHI,C
Kariata Diaby,5.0,9.0,1.0,3.0,1.0,2.0,,,0,0,,,,,0.5555555555555556,0.3333333333333333,0.5,,,,,0.0,0.0,0.0,0.0,0.0,0.0,30,player_kariata_diaby,CON,C
Karlie Samuelson,1.0,2.0,1.0,3.0,0.0,3.0,4.0,5.0,8,29,12.0,34.0,14.0,42.0,0.5,0.3333333333333333,0.0,0.8,0.27586206896551724,0.35294117647058826,0.3333333333333333,0.047619047619047616,0.07142857142857142,0.07142857142857142,0.11904761904761904,0.6904761904761905,0.8095238095238095,30,player_karlie_samuelson,MIN,G
Kate Martin,13.0,29.0,12.0,37.0,4.0,16.0,10.0,33.0,47,151,57.0,184.0,86.0,266.0,0.4482758620689655,0.32432432432432434,0.25,0.30303030303030304,0.31125827814569534,0.30978260869565216,0.3233082706766917,0.10902255639097744,0.13909774436090225,0.06015037593984962,0.12406015037593984,0.5676691729323309,0.6917293233082706,25,player_kate_martin,GSV,G
Kathryn Westbeld,24.0,47.0,9.0,28.0,2.0,9.0,7.0,29.0,35,102,42.0,131.0,77.0,215.0,0.5106382978723404,0.32142857142857145,0.2222222222222222,0.2413793103448276,0.3431372549019608,0.32061068702290074,0.3581395348837209,0.2186046511627907,0.13023255813953488,0.04186046511627907,0.13488372093023257,0.4744186046511628,0.6093023255813953,30,player_kathryn_westbeld,PHO,F
Kayla McBride,30.0,50.0,22.0,53.0,23.0,64.0,12.0,25.0,91,236,103.0,261.0,178.0,428.0,0.6,0.41509433962264153,0.359375,0.48,0.3855932203389831,0.3946360153256705,0.4158878504672897,0.11682242990654206,0.12383177570093458,0.14953271028037382,0.05841121495327103,0.5514018691588785,0.6098130841121495,33,player_kayla_mcbride,MIN,G
Kayla Thornton,22.0,42.0,32.0,66.0,6.0,26.0,4.0,23.0,36,118,40.0,141.0,100.0,275.0,0.5238095238095238,0.48484848484848486,0.23076923076923078,0.17391304347826086,0.3050847457627119,0.28368794326241137,0.36363636363636365,0.15272727272727274,0.24,0.09454545454545454,0.08363636363636363,0.4290909090909091,0.5127272727272727,33,player_kayla_thornton,GSV,F
Kelsey Mitchell,124.0,208.0,36.0,80.0,44.0,121.0,10.0,21.0,101,261,111.0,282.0,315.0,691.0,0.5961538461538461,0.45,0.36363636363636365,0.47619047619047616,0.38697318007662834,0.39361702127659576,0.4558610709117221,0.30101302460202606,0.11577424023154848,0.17510853835021709,0.030390738060781478,0.37771345875542695,0.4081041968162084,30,player_kelsey_mitchell,IND,G
Kelsey Plum,87.0,141.0,63.0,161.0,12.0,37.0,15.0,27.0,84,251,99.0,278.0,261.0,617.0,0.6170212765957447,0.391304347826087,0.32432432432432434,0.5555555555555556,0.3346613545816733,0.35611510791366907,0.42301458670988656,0.22852512155591573,0.26094003241491087,0.059967585089141004,0.04376012965964344,0.406807131280389,0.4505672609400324,31,player_kelsey_plum,LAS,G
Kennedy Burke,44.0,65.0,11.0,38.0,1.0,4.0,8.0,17.0,38,94,46.0,111.0,102.0,218.0,0.676923076923077,0.2894736842105263,0.25,0.47058823529411764,0.40425531914893614,0.4144144144144144,0.46788990825688076,0.2981651376146789,0.1743119266055046,0.01834862385321101,0.0779816513761468,0.43119266055045874,0.5091743119266054,28,player_kennedy_burke,NYL,G-F
Kia Nurse,20.0,40.0,10.0,34.0,12.0,35.0,8.0,24.0,53,158,61.0,182.0,103.0,291.0,0.5,0.29411764705882354,0.34285714285714286,0.3333333333333333,0.33544303797468356,0.33516483516483514,0.3539518900343643,0.13745704467353953,0.11683848797250859,0.12027491408934708,0.08247422680412371,0.5429553264604811,0.6254295532646048,29,player_kia_nurse,CHI,G
Kiah Stokes,8.0,16.0,7.0,10.0,0.0,2.0,2.0,16.0,1,7,3.0,23.0,18.0,51.0,0.5,0.7,0.0,0.125,0.14285714285714285,0.13043478260869565,0.35294117647058826,0.3137254901960784,0.19607843137254902,0.0392156862745098,0.3137254901960784,0.13725490196078433,0.45098039215686275,32,player_kiah_stokes,LVA,C
Kiana Williams,1.0,4.0,4.0,5.0,3.0,5.0,,,9,26,,,,,0.25,0.8,0.6,,0.34615384615384615,,,0.0,0.0,0.0,0.0,0.0,0.0,26,player_kiana_williams,PHO,G
Kierstan Bell,12.0,16.0,4.0,19.0,6.0,16.0,4.0,8.0,26,94,30.0,102.0,52.0,153.0,0.75,0.21052631578947367,0.375,0.5,0.2765957446808511,0.29411764705882354,0.33986928104575165,0.10457516339869281,0.12418300653594772,0.10457516339869281,0.05228758169934641,0.6143790849673203,0.6666666666666666,25,player_kierstan_bell,LVA,F
Kiki Iriafen,147.0,231.0,36.0,108.0,37.0,105.0,,,2,11,,,,,0.6363636363636364,0.3333333333333333,0.3523809523809524,,0.18181818181818182,,,0.0,0.0,0.0,0.0,0.0,0.0,22,player_kiki_iriafen,WAS,F
Kitija Laksa,9.0,11.0,5.0,15.0,14.0,34.0,10.0,19.0,28,100,38.0,119.0,66.0,179.0,0.8181818181818182,0.3333333333333333,0.4117647058823529,0.5263157894736842,0.28,0.31932773109243695,0.3687150837988827,0.061452513966480445,0.08379888268156424,0.18994413407821228,0.10614525139664804,0.5586592178770949,0.664804469273743,29,player_kitija_laksa,PHO,G
Kyara Linskens,1.0,3.0,1.0,1.0,0.0,0.0,,,0,1,,,,,0.3333333333333333,1.0,,,0.0,,,0.0,0.0,0.0,0.0,0.0,0.0,29,player_kyara_linskens,GSV,C
Kyra Lambert,,,,,,,,,0,0,,,,,,,,,,,,0.0,0.0,0.0,0.0,0.0,0.0,29,player_kyra_lambert,IND,G
Laeticia Amihere,34.0,51.0,14.0,40.0,1.0,2.0,1.0,6.0,2,14,3.0,20.0,52.0,113.0,0.6666666666666666,0.35,0.5,0.16666666666666666,0.14285714285714285,0.15,0.46017699115044247,0.45132743362831856,0.35398230088495575,0.017699115044247787,0.05309734513274336,0.12389380530973451,0.17699115044247787,24,player_laeticia_amihere,GSV,F
Leonie Fiebich,38.0,58.0,13.0,30.0,6.0,13.0,15.0,25.0,36,95,51.0,120.0,108.0,221.0,0.6551724137931034,0.43333333333333335,0.46153846153846156,0.6,0.37894736842105264,0.425,0.48868778280542985,0.26244343891402716,0.13574660633484162,0.058823529411764705,0.11312217194570136,0.4298642533936652,0.5429864253393665,26,player_leonie_fiebich,NYL,F
Lexi Held,13.0,24.0,9.0,23.0,12.0,26.0,4.0,12.0,24,78,28.0,90.0,62.0,163.0,0.5416666666666666,0.391304347826087,0.46153846153846156,0.3333333333333333,0.3076923076923077,0.3111111111111111,0.3803680981595092,0.147239263803681,0.1411042944785276,0.15950920245398773,0.0736196319018405,0.4785276073619632,0.5521472392638037,26,player_lexi_held,PHO,G
Lexie Brown,5.0,6.0,0.0,2.0,2.0,3.0,2.0,6.0,8,31,10.0,37.0,17.0,48.0,0.8333333333333334,0.0,0.6666666666666666,0.3333333333333333,0.25806451612903225,0.2702702702702703,0.3541666666666667,0.125,0.041666666666666664,0.0625,0.125,0.6458333333333334,0.7708333333333334,31,player_lexie_brown,SEA,G
Lexie Hull,31.0,67.0,16.0,47.0,16.0,35.0,19.0,53.0,36,97,55.0,150.0,118.0,299.0,0.4626865671641791,0.3404255319148936,0.45714285714285713,0.3584905660377358,0.3711340206185567,0.36666666666666664,0.39464882943143814,0.22408026755852842,0.15719063545150502,0.11705685618729098,0.17725752508361203,0.32441471571906355,0.5016722408026756,26,player_lexie_hull,IND,G
Leïla Lacan,49.0,69.0,23.0,43.0,17.0,39.0,3.0,3.0,12,62,15.0,65.0,104.0,216.0,0.7101449275362319,0.5348837209302325,0.4358974358974359,1.0,0.1935483870967742,0.23076923076923078,0.48148148148148145,0.3194444444444444,0.19907407407407407,0.18055555555555555,0.013888888888888888,0.28703703703703703,0.30092592592592593,21,player_le_la_lacan,CON,G
Li Yueru,25.0,54.0,9.0,27.0,8.0,17.0,1.0,3.0,19,51,20.0,54.0,62.0,152.0,0.46296296296296297,0.3333333333333333,0.47058823529411764,0.3333333333333333,0.37254901960784315,0.37037037037037035,0.40789473684210525,0.35526315789473684,0.17763157894736842,0.1118421052631579,0.019736842105263157,0.3355263157894737,0.35526315789473684,26,player_li_yueru,SEA,C
Liatu King,7.0,7.0,5.0,13.0,0.0,1.0,,,1,6,,,,,1.0,0.38461538461538464,0.0,,0.16666666666666666,,,0.0,0.0,0.0,0.0,0.0,0.0,23,player_liatu_king,DAL,F
Lindsay Allen,12.0,18.0,6.0,21.0,5.0,8.0,0.0,2.0,3,16,3.0,18.0,26.0,65.0,0.6666666666666666,0.2857142857142857,0.625,0.0,0.1875,0.16666666666666666,0.4,0.27692307692307694,0.3230769230769231,0.12307692307692308,0.03076923076923077,0.24615384615384617,0.27692307692307694,30,player_lindsay_allen,CON,G
Lucy Olsen,11.0,14.0,12.0,29.0,24.0,46.0,4.0,13.0,15,57,19.0,70.0,66.0,159.0,0.7857142857142857,0.41379310344827586,0.5217391304347826,0.3076923076923077,0.2631578947368421,0.2714285714285714,0.41509433962264153,0.0880503144654088,0.18238993710691823,0.2893081761006289,0.08176100628930817,0.3584905660377358,0.44025157232704404,22,player_lucy_olsen,WAS,G
Luisa Geiselsöder,19.0,24.0,13.0,34.0,13.0,27.0,4.0,10.0,27,84,31.0,94.0,76.0,179.0,0.7916666666666666,0.38235294117647056,0.48148148148148145,0.4,0.32142857142857145,0.32978723404255317,0.4245810055865922,0.1340782122905028,0.18994413407821228,0.15083798882681565,0.055865921787709494,0.4692737430167598,0.5251396648044693,25,player_luisa_geiselsoder,DAL,C
Mackenzie Holmes,3.0,3.0,2.0,2.0,0.0,2.0,,,0,0,,,,,1.0,1.0,0.0,,,,,0.0,0.0,0.0,0.0,0.0,0.0,25,player_mackenzie_holmes,SEA,F
Maddy Siegrist,56.0,81.0,35.0,73.0,15.0,34.0,2.0,13.0,24,67,26.0,80.0,132.0,268.0,0.691358024691358,0.4794520547945205,0.4411764705882353,0.15384615384615385,0.3582089552238806,0.325,0.4925373134328358,0.30223880597014924,0.27238805970149255,0.12686567164179105,0.048507462686567165,0.25,0.29850746268656714,25,player_maddy_siegrist,DAL,F
Maddy Westbeld,3.0,14.0,9.0,24.0,9.0,24.0,1.0,4.0,16,39,17.0,43.0,38.0,105.0,0.21428571428571427,0.375,0.375,0.25,0.41025641025641024,0.3953488372093023,0.3619047619047619,0.13333333333333333,0.22857142857142856,0.22857142857142856,0.0380952380952381,0.37142857142857144,0.4095238095238095,23,player_maddy_westbeld,CHI,F
Madison Scott,2.0,5.0,1.0,2.0,2.0,3.0,0.0,1.0,0,0,0.0,1.0,5.0,11.0,0.4,0.5,0.6666666666666666,0.0,,0.0,0.45454545454545453,0.45454545454545453,0.18181818181818182,0.2727272727272727,0.09090909090909091,0.0,0.09090909090909091,24,player_madison_scott,WAS,G-F
Makayla Timpson,23.0,36.0,9.0,20.0,0.0,1.0,,,0,0,,,,,0.6388888888888888,0.45,0.0,,,,,0.0,0.0,0.0,0.0,0.0,0.0,23,player_makayla_timpson,IND,F-C
Mamignan Touré,4.0,6.0,1.0,6.0,1.0,5.0,2.0,7.0,6,15,8.0,22.0,14.0,39.0,0.6666666666666666,0.16666666666666666,0.2,0.2857142857142857,0.4,0.36363636363636365,0.358974358974359,0.15384615384615385,0.15384615384615385,0.1282051282051282,0.1794871794871795,0.38461538461538464,0.5641025641025641,31,player_mamignan_tour,CON,G
Maria Kliundikova,43.0,62.0,8.0,26.0,5.0,15.0,0.0,3.0,8,22,8.0,25.0,64.0,128.0,0.6935483870967742,0.3076923076923077,0.3333333333333333,0.0,0.36363636363636365,0.32,0.5,0.484375,0.203125,0.1171875,0.0234375,0.171875,0.1953125,27,player_maria_kliundikova,MIN,F
Marina Mabrey,50.0,80.0,33.0,76.0,30.0,88.0,5.0,10.0,61,234,66.0,244.0,179.0,488.0,0.625,0.4342105263157895,0.3409090909090909,0.5,0.2606837606837607,0.27049180327868855,0.3668032786885246,0.16393442622950818,0.1557377049180328,0.18032786885245902,0.020491803278688523,0.47950819672131145,0.5,29,player_marina_mabrey,CON,G
Marine Johannès,15.0,21.0,10.0,25.0,10.0,17.0,8.0,20.0,57,166,65.0,186.0,100.0,249.0,0.7142857142857143,0.4,0.5882352941176471,0.4,0.3433734939759036,0.34946236559139787,0.40160642570281124,0.08433734939759036,0.10040160642570281,0.06827309236947791,0.08032128514056225,0.6666666666666666,0.7469879518072289,31,player_marine_johannes,NYL,G
Marième Badiane,0.0,2.0,0.0,0.0,0.0,0.0,,,0,1,,,,,0.0,,,,0.0,,,0.0,0.0,0.0,0.0,0.0,0.0,31,player_mari_me_badiane,MIN,C
Marquesha Davis,0.0,1.0,1.0,1.0,1.0,4.0,0.0,2.0,0,2,0.0,4.0,2.0,10.0,0.0,1.0,0.25,0.0,0.0,0.0,0.2,0.1,0.1,0.4,0.2,0.2,0.4,24,player_marquesha_davis,CHI,G
Maya Caldwell,28.0,44.0,9.0,23.0,7.0,18.0,13.0,31.0,26,79,39.0,110.0,83.0,195.0,0.6363636363636364,0.391304347826087,0.3888888888888889,0.41935483870967744,0.3291139240506329,0.35454545454545455,0.4256410256410256,0.22564102564102564,0.11794871794871795,0.09230769230769231,0.15897435897435896,0.40512820512820513,0.5641025641025641,27,player_maya_caldwell,ATL,G
Megan Gustafson,4.0,5.0,3.0,11.0,0.0,2.0,4.0,10.0,9,29,13.0,39.0,20.0,57.0,0.8,0.2727272727272727,0.0,0.4,0.3103448275862069,0.3333333333333333,0.3508771929824561,0.08771929824561403,0.19298245614035087,0.03508771929824561,0.17543859649122806,0.5087719298245614,0.6842105263157895,29,player_megan_gustafson,LVA,C
Megan McConnell,0.0,2.0,0.0,0.0,0.0,0.0,,,1,2,,,,,0.0,,,,0.5,,,0.0,0.0,0.0,0.0,0.0,0.0,24,player_megan_mcconnell,PHO,G
Mercedes Russell,5.0,10.0,7.0,15.0,0.0,2.0,,,0,0,,,,,0.5,0.4666666666666667,0.0,,,,,0.0,0.0,0.0,0.0,0.0,0.0,30,player_mercedes_russell,LAS,C
Michaela Onyenwere,40.0,68.0,19.0,58.0,6.0,17.0,9.0,19.0,15,49,24.0,68.0,89.0,211.0,0.5882352941176471,0.3275862068965517,0.35294117647058826,0.47368421052631576,0.30612244897959184,0.35294117647058826,0.4218009478672986,0.3222748815165877,0.27488151658767773,0.08056872037914692,0.09004739336492891,0.23222748815165878,0.3222748815165877,26,player_michaela_onyenwere,CHI,F
Monique Akoa Makani,23.0,43.0,18.0,43.0,24.0,56.0,10.0,28.0,39,94,49.0,122.0,114.0,264.0,0.5348837209302325,0.4186046511627907,0.42857142857142855,0.35714285714285715,0.4148936170212766,0.4016393442622951,0.4318181818181818,0.16287878787878787,0.16287878787878787,0.21212121212121213,0.10606060606060606,0.3560606060606061,0.4621212121212121,25,player_monique_akoa_makani,PHO,G
Monique Billings,35.0,47.0,20.0,55.0,7.0,13.0,5.0,14.0,5,22,10.0,36.0,72.0,151.0,0.7446808510638298,0.36363636363636365,0.5384615384615384,0.35714285714285715,0.22727272727272727,0.2777777777777778,0.4768211920529801,0.31125827814569534,0.36423841059602646,0.08609271523178808,0.09271523178807947,0.1456953642384106,0.23841059602649006,29,player_monique_billings,GSV,F
Moriah Jefferson,0.0,0.0,1.0,1.0,1.0,4.0,1.0,1.0,0,2,1.0,3.0,3.0,8.0,,1.0,0.25,1.0,0.0,0.3333333333333333,0.375,0.0,0.125,0.5,0.125,0.25,0.375,31,player_moriah_jefferson,CHI,G
Murjanatu Musa,9.0,16.0,4.0,13.0,2.0,4.0,,,1,2,,,,,0.5625,0.3076923076923077,0.5,,0.5,,,0.0,0.0,0.0,0.0,0.0,0.0,25,player_murjanatu_musa,PHO,C
Myisha Hines-Allen,59.0,113.0,30.0,55.0,7.0,21.0,3.0,7.0,13,52,16.0,59.0,112.0,248.0,0.5221238938053098,0.5454545454545454,0.3333333333333333,0.42857142857142855,0.25,0.2711864406779661,0.45161290322580644,0.45564516129032256,0.2217741935483871,0.0846774193548387,0.028225806451612902,0.20967741935483872,0.23790322580645162,30,player_myisha_hines_allen,DAL,F
NaLyssa Smith,59.0,95.0,53.0,101.0,14.0,44.0,1.0,3.0,7,24,8.0,27.0,134.0,267.0,0.6210526315789474,0.5247524752475248,0.3181818181818182,0.3333333333333333,0.2916666666666667,0.2962962962962963,0.50187265917603,0.35580524344569286,0.3782771535580524,0.1647940074906367,0.011235955056179775,0.0898876404494382,0.10112359550561797,25,player_nalyssa_smith,DAL,F
Napheesa Collier,104.0,142.0,76.0,166.0,45.0,86.0,5.0,6.0,45,118,50.0,124.0,275.0,518.0,0.7323943661971831,0.4578313253012048,0.5232558139534884,0.8333333333333334,0.3813559322033898,0.4032258064516129,0.5308880308880309,0.27413127413127414,0.3204633204633205,0.16602316602316602,0.011583011583011582,0.2277992277992278,0.23938223938223938,29,player_napheesa_collier,MIN,F
Natasha Cloud,60.0,90.0,26.0,66.0,13.0,39.0,5.0,15.0,47,137,52.0,152.0,151.0,347.0,0.6666666666666666,0.3939393939393939,0.3333333333333333,0.3333333333333333,0.34306569343065696,0.34210526315789475,0.43515850144092216,0.25936599423631124,0.19020172910662825,0.11239193083573487,0.043227665706051875,0.39481268011527376,0.43804034582132567,33,player_natasha_cloud,NYL,G
Natasha Howard,133.0,195.0,58.0,114.0,3.0,20.0,2.0,6.0,4,27,6.0,33.0,200.0,362.0,0.6820512820512821,0.5087719298245614,0.15,0.3333333333333333,0.14814814814814814,0.18181818181818182,0.5524861878453039,0.5386740331491713,0.3149171270718232,0.055248618784530384,0.016574585635359115,0.07458563535911603,0.09116022099447514,34,player_natasha_howard,IND,F
Natasha Mack,39.0,55.0,28.0,50.0,4.0,15.0,0.0,2.0,0,2,0.0,4.0,71.0,124.0,0.7090909090909091,0.56,0.26666666666666666,0.0,0.0,0.0,0.5725806451612904,0.4435483870967742,0.4032258064516129,0.12096774193548387,0.016129032258064516,0.016129032258064516,0.03225806451612903,28,player_natasha_mack,PHO,F-C
Natisha Hiedeman,78.0,104.0,21.0,57.0,6.0,22.0,5.0,12.0,41,108,46.0,120.0,151.0,303.0,0.75,0.3684210526315789,0.2727272727272727,0.4166666666666667,0.37962962962962965,0.38333333333333336,0.49834983498349833,0.3432343234323432,0.18811881188118812,0.07260726072607261,0.039603960396039604,0.3564356435643564,0.39603960396039606,28,player_natisha_hiedeman,MIN,G
Naz Hillmon,80.0,112.0,5.0,18.0,1.0,5.0,4.0,23.0,49,142,53.0,165.0,139.0,300.0,0.7142857142857143,0.2777777777777778,0.2,0.17391304347826086,0.34507042253521125,0.3212121212121212,0.4633333333333333,0.37333333333333335,0.06,0.016666666666666666,0.07666666666666666,0.47333333333333333,0.55,25,player_naz_hillmon,ATL,F
Nia Coffey,27.0,52.0,3.0,10.0,1.0,3.0,6.0,12.0,18,70,24.0,82.0,55.0,147.0,0.5192307692307693,0.3,0.3333333333333333,0.5,0.2571428571428571,0.2926829268292683,0.3741496598639456,0.35374149659863946,0.06802721088435375,0.02040816326530612,0.08163265306122448,0.47619047619047616,0.5578231292517006,30,player_nia_coffey,ATL,F
Nneka Ogwumike,114.0,147.0,85.0,169.0,55.0,121.0,14.0,32.0,52,148,66.0,180.0,320.0,617.0,0.7755102040816326,0.5029585798816568,0.45454545454545453,0.4375,0.35135135135135137,0.36666666666666664,0.5186385737439222,0.23824959481361427,0.2739059967585089,0.19611021069692058,0.05186385737439222,0.23987034035656402,0.2917341977309562,35,player_nneka_ogwumike,SEA,F
Nyara Sabally,23.0,38.0,10.0,28.0,3.0,3.0,0.0,2.0,1,5,1.0,7.0,37.0,76.0,0.6052631578947368,0.35714285714285715,1.0,0.0,0.2,0.14285714285714285,0.4868421052631579,0.5,0.3684210526315789,0.039473684210526314,0.02631578947368421,0.06578947368421052,0.09210526315789473,25,player_nyara_sabally,NYL,C
Odyssey Sims,32.0,53.0,32.0,82.0,4.0,16.0,3.0,13.0,18,51,21.0,64.0,89.0,215.0,0.6037735849056604,0.3902439024390244,0.25,0.23076923076923078,0.35294117647058826,0.328125,0.413953488372093,0.24651162790697675,0.3813953488372093,0.07441860465116279,0.06046511627906977,0.2372093023255814,0.29767441860465116,33,player_odyssey_sims,LAS,G
Olivia Nelson-Ododa,68.0,101.0,20.0,59.0,24.0,53.0,,,1,2,,,,,0.6732673267326733,0.3389830508474576,0.4528301886792453,,0.5,,,0.0,0.0,0.0,0.0,0.0,0.0,25,player_olivia_nelson_ododa,CON,C
Paige Bueckers,51.0,73.0,80.0,152.0,89.0,200.0,0.0,3.0,39,115,39.0,118.0,259.0,543.0,0.6986301369863014,0.5263157894736842,0.445,0.0,0.3391304347826087,0.3305084745762712,0.47697974217311234,0.13443830570902393,0.27992633517495397,0.3683241252302026,0.0055248618784530384,0.21178637200736647,0.21731123388581952,24,player_paige_bueckers,DAL,G
Rachel Banham,9.0,19.0,13.0,29.0,21.0,49.0,7.0,17.0,79,224,86.0,241.0,129.0,338.0,0.47368421052631576,0.4482758620689655,0.42857142857142855,0.4117647058823529,0.35267857142857145,0.35684647302904565,0.3816568047337278,0.05621301775147929,0.08579881656804733,0.14497041420118342,0.05029585798816568,0.6627218934911243,0.7130177514792899,32,player_rachel_banham,CHI,G
Rae Burrell,42.0,69.0,11.0,37.0,2.0,5.0,3.0,13.0,19,54,22.0,67.0,77.0,178.0,0.6086956521739131,0.2972972972972973,0.4,0.23076923076923078,0.35185185185185186,0.3283582089552239,0.43258426966292135,0.38764044943820225,0.20786516853932585,0.028089887640449437,0.07303370786516854,0.30337078651685395,0.37640449438202245,25,player_rae_burrell,LAS,G-F
Rayah Marshall,5.0,11.0,2.0,11.0,2.0,3.0,,,0,1,,,,,0.45454545454545453,0.18181818181818182,0.6666666666666666,,0.0,,,0.0,0.0,0.0,0.0,0.0,0.0,22,player_rayah_marshall,CON,C-F
Rebecca Allen,19.0,34.0,6.0,27.0,15.0,47.0,8.0,17.0,34,115,42.0,132.0,82.0,240.0,0.5588235294117647,0.2222222222222222,0.3191489361702128,0.47058823529411764,0.2956521739130435,0.3181818181818182,0.3416666666666667,0.14166666666666666,0.1125,0.19583333333333333,0.07083333333333333,0.4791666666666667,0.55,33,player_rebecca_allen,CHI,F-G
Rebekah Gardner,28.0,45.0,5.0,20.0,2.0,3.0,3.0,11.0,17,31,20.0,42.0,55.0,110.0,0.6222222222222222,0.25,0.6666666666666666,0.2727272727272727,0.5483870967741935,0.47619047619047616,0.5,0.4090909090909091,0.18181818181818182,0.02727272727272727,0.1,0.2818181818181818,0.38181818181818183,35,player_rebekah_gardner,NYL,G
Rhyne Howard,33.0,61.0,29.0,71.0,23.0,50.0,4.0,14.0,98,290,102.0,304.0,187.0,486.0,0.5409836065573771,0.4084507042253521,0.46,0.2857142857142857,0.33793103448275863,0.3355263157894737,0.38477366255144035,0.12551440329218108,0.14609053497942387,0.102880658436214,0.02880658436213992,0.5967078189300411,0.6255144032921811,25,player_rhyne_howard,ATL,G
Rickea Jackson,87.0,134.0,35.0,111.0,18.0,51.0,8.0,25.0,57,162,65.0,187.0,205.0,483.0,0.6492537313432836,0.3153153153153153,0.35294117647058826,0.32,0.35185185185185186,0.34759358288770054,0.4244306418219462,0.2774327122153209,0.22981366459627328,0.10559006211180125,0.051759834368530024,0.33540372670807456,0.38716356107660455,24,player_rickea_jackson,LAS,F
Robyn Parks,0.0,0.0,0.0,0.0,1.0,1.0,,,0,4,,,,,,,1.0,,0.0,,,0.0,0.0,0.0,0.0,0.0,0.0,33,player_robyn_parks,CON,F
Sabrina Ionescu,58.0,85.0,48.0,127.0,43.0,90.0,7.0,18.0,74,252,81.0,270.0,230.0,572.0,0.6823529411764706,0.3779527559055118,0.4777777777777778,0.3888888888888889,0.29365079365079366,0.3,0.4020979020979021,0.1486013986013986,0.22202797202797203,0.15734265734265734,0.03146853146853147,0.4405594405594406,0.47202797202797203,28,player_sabrina_ionescu,NYL,G
Sami Whitcomb,24.0,45.0,11.0,35.0,8.0,17.0,10.0,28.0,76,210,86.0,238.0,129.0,335.0,0.5333333333333333,0.3142857142857143,0.47058823529411764,0.35714285714285715,0.3619047619047619,0.36134453781512604,0.3850746268656716,0.13432835820895522,0.1044776119402985,0.050746268656716415,0.08358208955223881,0.6268656716417911,0.7104477611940299,37,player_sami_whitcomb,PHO,G
Sania Feagin,9.0,12.0,1.0,11.0,0.0,1.0,,,0,4,,,,,0.75,0.09090909090909091,0.0,,0.0,,,0.0,0.0,0.0,0.0,0.0,0.0,22,player_sania_feagin,LAS,F
Saniya Rivers,42.0,69.0,21.0,46.0,36.0,108.0,4.0,19.0,39,104,43.0,123.0,142.0,346.0,0.6086956521739131,0.45652173913043476,0.3333333333333333,0.21052631578947367,0.375,0.34959349593495936,0.41040462427745666,0.1994219653179191,0.1329479768786127,0.31213872832369943,0.05491329479768786,0.30057803468208094,0.3554913294797688,22,player_saniya_rivers,CON,G
Sarah Ashlee Barker,13.0,26.0,2.0,13.0,2.0,4.0,6.0,19.0,12,42,18.0,61.0,35.0,104.0,0.5,0.15384615384615385,0.5,0.3157894736842105,0.2857142857142857,0.29508196721311475,0.33653846153846156,0.25,0.125,0.038461538461538464,0.18269230769230768,0.40384615384615385,0.5865384615384616,24,player_sarah_ashlee_barker,LAS,G
Satou Sabally,83.0,136.0,45.0,123.0,13.0,47.0,6.0,10.0,61,198,67.0,208.0,208.0,514.0,0.6102941176470589,0.36585365853658536,0.2765957446808511,0.6,0.30808080808080807,0.32211538461538464,0.4046692607003891,0.26459143968871596,0.23929961089494164,0.0914396887159533,0.019455252918287938,0.3852140077821012,0.4046692607003891,27,player_satou_sabally,PHO,F
Serena Sundell,0.0,0.0,0.0,0.0,0.0,0.0,,,0,1,,,,,,,,,0.0,,,0.0,0.0,0.0,0.0,0.0,0.0,23,player_serena_sundell,DAL,G
Sevgi Uzun,10.0,15.0,9.0,30.0,7.0,20.0,1.0,6.0,4,24,5.0,30.0,31.0,95.0,0.6666666666666666,0.3,0.35,0.16666666666666666,0.16666666666666666,0.16666666666666666,0.3263157894736842,0.15789473684210525,0.3157894736842105,0.21052631578947367,0.06315789473684211,0.25263157894736843,0.3157894736842105,28,player_sevgi_uzun,PHO,G
Shakira Austin,118.0,179.0,52.0,159.0,19.0,58.0,,,2,15,,,,,0.659217877094972,0.3270440251572327,0.3275862068965517,,0.13333333333333333,,,0.0,0.0,0.0,0.0,0.0,0.0,25,player_shakira_austin,WAS,F-C
Shatori Walker-Kimbrough,5.0,9.0,3.0,7.0,7.0,16.0,7.0,9.0,4,22,11.0,31.0,26.0,63.0,0.5555555555555556,0.42857142857142855,0.4375,0.7777777777777778,0.18181818181818182,0.3548387096774194,0.4126984126984127,0.14285714285714285,0.1111111111111111,0.25396825396825395,0.14285714285714285,0.3492063492063492,0.49206349206349204,30,player_shatori_walker_kimbrough,ATL,G
Shey Peddy,4.0,6.0,4.0,10.0,3.0,4.0,7.0,12.0,9,22,16.0,34.0,27.0,54.0,0.6666666666666666,0.4,0.75,0.5833333333333334,0.4090909090909091,0.47058823529411764,0.5,0.1111111111111111,0.18518518518518517,0.07407407407407407,0.2222222222222222,0.4074074074074074,0.6296296296296297,37,player_shey_peddy,LAS,G
Sika Koné,3.0,9.0,3.0,7.0,0.0,1.0,0.0,1.0,1,4,1.0,5.0,7.0,22.0,0.3333333333333333,0.42857142857142855,0.0,0.0,0.25,0.2,0.3181818181818182,0.4090909090909091,0.3181818181818182,0.045454545454545456,0.045454545454545456,0.18181818181818182,0.22727272727272727,23,player_sika_kon,ATL,F
Skylar Diggins,63.0,105.0,62.0,167.0,41.0,97.0,7.0,11.0,55,157,62.0,168.0,228.0,537.0,0.6,0.3712574850299401,0.422680412371134,0.6363636363636364,0.3503184713375796,0.36904761904761907,0.4245810055865922,0.19553072625698323,0.31098696461824954,0.18063314711359404,0.020484171322160148,0.29236499068901306,0.3128491620111732,35,player_skylar_diggins,SEA,G
Sonia Citron,75.0,106.0,39.0,106.0,28.0,80.0,12.0,28.0,69,153,81.0,181.0,223.0,473.0,0.7075471698113207,0.36792452830188677,0.35,0.42857142857142855,0.45098039215686275,0.44751381215469616,0.4714587737843552,0.22410147991543342,0.22410147991543342,0.16913319238900634,0.05919661733615222,0.32346723044397463,0.38266384778012685,22,player_sonia_citron,WAS,G
Sophie Cunningham,30.0,47.0,0.0,3.0,1.0,7.0,4.0,19.0,47,99,51.0,118.0,82.0,175.0,0.6382978723404256,0.0,0.14285714285714285,0.21052631578947367,0.47474747474747475,0.4322033898305085,0.4685714285714286,0.26857142857142857,0.017142857142857144,0.04,0.10857142857142857,0.5657142857142857,0.6742857142857143,29,player_sophie_cunningham,IND,G
Stefanie Dolson,19.0,25.0,5.0,19.0,9.0,23.0,2.0,7.0,25,68,27.0,75.0,60.0,142.0,0.76,0.2631578947368421,0.391304347826087,0.2857142857142857,0.36764705882352944,0.36,0.4225352112676056,0.176056338028169,0.13380281690140844,0.1619718309859155,0.04929577464788732,0.4788732394366197,0.528169014084507,34,player_stefanie_dolson,WAS,C
Stephanie Talbot,11.0,17.0,9.0,23.0,3.0,8.0,5.0,17.0,11,39,16.0,56.0,39.0,104.0,0.6470588235294118,0.391304347826087,0.375,0.29411764705882354,0.28205128205128205,0.2857142857142857,0.375,0.16346153846153846,0.22115384615384615,0.07692307692307693,0.16346153846153846,0.375,0.5384615384615384,31,player_stephanie_talbot,NYL,F
Sug Sutton,28.0,47.0,29.0,73.0,20.0,43.0,3.0,12.0,39,106,42.0,118.0,119.0,281.0,0.5957446808510638,0.3972602739726027,0.46511627906976744,0.25,0.36792452830188677,0.3559322033898305,0.4234875444839858,0.16725978647686832,0.2597864768683274,0.15302491103202848,0.042704626334519574,0.37722419928825623,0.4199288256227758,27,player_sug_sutton,WAS,G
Sydney Colson,6.0,9.0,2.0,6.0,5.0,14.0,0.0,3.0,13,42,13.0,45.0,26.0,74.0,0.6666666666666666,0.3333333333333333,0.35714285714285715,0.0,0.30952380952380953,0.28888888888888886,0.35135135135135137,0.12162162162162163,0.08108108108108109,0.1891891891891892,0.04054054054054054,0.5675675675675675,0.6081081081081081,36,player_sydney_colson,IND,G
Taylor Thierry,1.0,5.0,0.0,3.0,0.0,0.0,1.0,1.0,0,2,1.0,3.0,2.0,11.0,0.2,0.0,,1.0,0.0,0.3333333333333333,0.18181818181818182,0.45454545454545453,0.2727272727272727,0.0,0.09090909090909091,0.18181818181818182,0.2727272727272727,23,player_taylor_thierry,ATL,G-F
Te-Hina Paopao,29.0,46.0,14.0,35.0,2.0,5.0,10.0,19.0,41,113,51.0,132.0,96.0,218.0,0.6304347826086957,0.4,0.4,0.5263157894736842,0.36283185840707965,0.38636363636363635,0.44036697247706424,0.21100917431192662,0.16055045871559634,0.022935779816513763,0.0871559633027523,0.518348623853211,0.6055045871559633,23,player_te_hina_paopao,ATL,G
Teaira McCowan,31.0,50.0,3.0,11.0,1.0,4.0,,,1,2,,,,,0.62,0.2727272727272727,0.25,,0.5,,,0.0,0.0,0.0,0.0,0.0,0.0,29,player_teaira_mccowan,DAL,C
Temi Fágbénlé,70.0,101.0,31.0,57.0,12.0,29.0,3.0,20.0,9,42,12.0,62.0,125.0,249.0,0.693069306930693,0.543859649122807,0.41379310344827586,0.15,0.21428571428571427,0.1935483870967742,0.5020080321285141,0.40562248995983935,0.2289156626506024,0.11646586345381527,0.08032128514056225,0.1686746987951807,0.24899598393574296,33,player_temi_fagbenle,GSV,C
Tiffany Hayes,32.0,60.0,24.0,67.0,2.0,9.0,5.0,8.0,36,92,41.0,100.0,99.0,236.0,0.5333333333333333,0.3582089552238806,0.2222222222222222,0.625,0.391304347826087,0.41,0.4194915254237288,0.2542372881355932,0.2838983050847458,0.038135593220338986,0.03389830508474576,0.3898305084745763,0.423728813559322,36,player_tiffany_hayes,GSV,G
Tiffany Mitchell,13.0,25.0,13.0,33.0,3.0,14.0,0.0,5.0,11,24,11.0,29.0,40.0,101.0,0.52,0.3939393939393939,0.21428571428571427,0.0,0.4583333333333333,0.3793103448275862,0.39603960396039606,0.24752475247524752,0.32673267326732675,0.13861386138613863,0.04950495049504951,0.2376237623762376,0.2871287128712871,31,player_tiffany_mitchell,LVA,G
Tina Charles,102.0,167.0,74.0,213.0,72.0,167.0,0.0,1.0,12,45,12.0,46.0,260.0,593.0,0.6107784431137725,0.3474178403755869,0.4311377245508982,0.0,0.26666666666666666,0.2608695652173913,0.43844856661045534,0.28161888701517707,0.3591905564924115,0.28161888701517707,0.0016863406408094434,0.07588532883642496,0.0775716694772344,37,player_tina_charles,CON,C
Tyasha Harris,1.0,3.0,0.0,2.0,2.0,2.0,0.0,2.0,5,9,5.0,11.0,8.0,18.0,0.3333333333333333,0.0,1.0,0.0,0.5555555555555556,0.45454545454545453,0.4444444444444444,0.16666666666666666,0.1111111111111111,0.1111111111111111,0.1111111111111111,0.5,0.6111111111111112,27,player_tyasha_harris,DAL,G
Veronica Burton,33.0,71.0,47.0,118.0,8.0,19.0,4.0,6.0,57,168,61.0,174.0,149.0,382.0,0.4647887323943662,0.3983050847457627,0.42105263157894735,0.6666666666666666,0.3392857142857143,0.3505747126436782,0.3900523560209424,0.18586387434554974,0.3089005235602094,0.049738219895287955,0.015706806282722512,0.4397905759162304,0.45549738219895286,25,player_veronica_burton,GSV,G
Yvonne Anderson,0.0,0.0,0.0,1.0,0.0,1.0,,,0,1,,,,,,0.0,0.0,,0.0,,,0.0,0.0,0.0,0.0,0.0,0.0,35,player_yvonne_anderson,MIN,G
Zia Cooke,9.0,13.0,3.0,23.0,3.0,10.0,4.0,9.0,11,28,15.0,37.0,30.0,83.0,0.6923076923076923,0.13043478260869565,0.3,0.4444444444444444,0.39285714285714285,0.40540540540540543,0.3614457831325301,0.1566265060240964,0.27710843373493976,0.12048192771084337,0.10843373493975904,0.3373493975903614,0.4457831325301205,25,player_zia_cooke,SEA,G
