game_id,reference,scheduled,game_status,fetch_status,http_code,file_path,error
127815af-ec83-4409-b0c3-4140a357a60c,1022500001,2025-05-16T23:30:00+00:00,closed,ok,200,raw_data\pbp_2025\127815af-ec83-4409-b0c3-4140a357a60c.json,
7bbb5b8b-7d33-4ca4-9478-a4732d10c367,1022500002,2025-05-16T23:30:00+00:00,closed,ok,200,raw_data\pbp_2025\7bbb5b8b-7d33-4ca4-9478-a4732d10c367.json,
293a4a3d-3699-4cd3-b085-0dc0e8c56188,1022500003,2025-05-17T02:00:00+00:00,closed,ok,200,raw_data\pbp_2025\293a4a3d-3699-4cd3-b085-0dc0e8c56188.json,
8e354cb1-e600-4ccd-aec8-3b9daa7dd2ca,1022500005,2025-05-17T17:00:00+00:00,closed,ok,200,raw_data\pbp_2025\8e354cb1-e600-4ccd-aec8-3b9daa7dd2ca.json,
edfb1305-dc50-48e3-9ea5-c3e16ace9489,1022500004,2025-05-17T19:00:00+00:00,closed,ok,200,raw_data\pbp_2025\edfb1305-dc50-48e3-9ea5-c3e16ace9489.json,
d307de7c-b2bc-42a3-b338-4205f3918f7c,1022500006,2025-05-18T02:00:00+00:00,closed,ok,200,raw_data\pbp_2025\d307de7c-b2bc-42a3-b338-4205f3918f7c.json,
37b8b67b-ceb5-4918-aa27-3d495a19e646,1022500007,2025-05-18T17:00:00+00:00,closed,ok,200,raw_data\pbp_2025\37b8b67b-ceb5-4918-aa27-3d495a19e646.json,
b47a1788-78ca-4559-b220-121d3fa3ac55,1022500008,2025-05-18T22:00:00+00:00,closed,ok,200,raw_data\pbp_2025\b47a1788-78ca-4559-b220-121d3fa3ac55.json,
a179dea9-a4d1-42c2-85df-3eb6260b4ef5,1022500009,2025-05-20T00:00:00+00:00,closed,ok,200,raw_data\pbp_2025\a179dea9-a4d1-42c2-85df-3eb6260b4ef5.json,
bfcf9c89-536d-4dd3-9082-a3b67bd48c00,1022500011,2025-05-20T23:00:00+00:00,closed,ok,200,raw_data\pbp_2025\bfcf9c89-536d-4dd3-9082-a3b67bd48c00.json,
ef103806-2fdc-432d-ac11-6d7ed57a7117,1022500010,2025-05-20T23:00:00+00:00,closed,ok,200,raw_data\pbp_2025\ef103806-2fdc-432d-ac11-6d7ed57a7117.json,
c2d0f217-e400-4de3-99fe-494d59ea4764,1022500012,2025-05-22T00:00:00+00:00,closed,ok,200,raw_data\pbp_2025\c2d0f217-e400-4de3-99fe-494d59ea4764.json,
53eeff78-96b1-4f61-9270-f1982ce345ae,1022500013,2025-05-22T02:00:00+00:00,closed,ok,200,raw_data\pbp_2025\53eeff78-96b1-4f61-9270-f1982ce345ae.json,
bc7d0ee2-679a-4acc-a24c-73510404fe99,1022500014,2025-05-22T02:00:00+00:00,closed,ok,200,raw_data\pbp_2025\bc7d0ee2-679a-4acc-a24c-73510404fe99.json,
d1bd5e4c-1d9e-47c6-b24e-52544a1a2c13,1022500015,2025-05-22T23:30:00+00:00,closed,ok,200,raw_data\pbp_2025\d1bd5e4c-1d9e-47c6-b24e-52544a1a2c13.json,
5aab29d7-6671-4deb-a42c-c71a01e82f9f,1022500016,2025-05-23T00:00:00+00:00,closed,ok,200,raw_data\pbp_2025\5aab29d7-6671-4deb-a42c-c71a01e82f9f.json,
92c4a40c-74f4-4a28-be37-18237fca81a5,1022500017,2025-05-23T23:30:00+00:00,closed,ok,200,raw_data\pbp_2025\92c4a40c-74f4-4a28-be37-18237fca81a5.json,
10582ee6-a493-4e18-9878-6203b5e8065d,1022500020,2025-05-24T02:00:00+00:00,closed,ok,200,raw_data\pbp_2025\10582ee6-a493-4e18-9878-6203b5e8065d.json,
a35a38a3-fdb6-40a3-86f1-842d77ac32bf,1022500019,2025-05-24T02:00:00+00:00,closed,ok,200,raw_data\pbp_2025\a35a38a3-fdb6-40a3-86f1-842d77ac32bf.json,
b8786c5b-6a05-49e0-9ba2-0bc7db3e8a60,1022500018,2025-05-24T02:00:00+00:00,closed,ok,200,raw_data\pbp_2025\b8786c5b-6a05-49e0-9ba2-0bc7db3e8a60.json,
1af6c1e1-fa3c-4263-8c71-da93fc3e0406,1022500021,2025-05-24T17:00:00+00:00,closed,ok,200,raw_data\pbp_2025\1af6c1e1-fa3c-4263-8c71-da93fc3e0406.json,
2eee580f-c783-4be6-baeb-d082df2690a2,1022500022,2025-05-24T19:00:00+00:00,closed,ok,200,raw_data\pbp_2025\2eee580f-c783-4be6-baeb-d082df2690a2.json,
b0d98920-a05f-481d-9dea-7046f3e6fc33,1022500023,2025-05-25T19:00:00+00:00,closed,ok,200,raw_data\pbp_2025\b0d98920-a05f-481d-9dea-7046f3e6fc33.json,
5a9dfeb9-11f2-42a8-97c9-81e381c4a9fa,1022500026,2025-05-25T22:00:00+00:00,closed,ok,200,raw_data\pbp_2025\5a9dfeb9-11f2-42a8-97c9-81e381c4a9fa.json,
bbd4ae77-444a-4dfe-ad87-70233844aa1d,1022500025,2025-05-25T22:00:00+00:00,closed,ok,200,raw_data\pbp_2025\bbd4ae77-444a-4dfe-ad87-70233844aa1d.json,
d93c9688-bbdf-4066-ac6b-159c3c6dd32d,1022500024,2025-05-25T22:00:00+00:00,closed,ok,200,raw_data\pbp_2025\d93c9688-bbdf-4066-ac6b-159c3c6dd32d.json,
5f3d74e1-8cdd-4616-aedf-f1e90dc75db0,1022500028,2025-05-27T23:00:00+00:00,closed,ok,200,raw_data\pbp_2025\5f3d74e1-8cdd-4616-aedf-f1e90dc75db0.json,
8a594783-4b88-43cd-b381-a8660e3a0766,1022500027,2025-05-27T23:00:00+00:00,closed,ok,200,raw_data\pbp_2025\8a594783-4b88-43cd-b381-a8660e3a0766.json,
ee675eed-ef15-494e-a8f4-e0202373e26c,1022500029,2025-05-28T00:00:00+00:00,closed,ok,200,raw_data\pbp_2025\ee675eed-ef15-494e-a8f4-e0202373e26c.json,
35c05ea8-240a-4d51-8940-e54f7f1e403f,1022500031,2025-05-28T02:00:00+00:00,closed,ok,200,raw_data\pbp_2025\35c05ea8-240a-4d51-8940-e54f7f1e403f.json,
9cfc31da-5b6e-4ee4-87cf-2051401bf23a,1022500030,2025-05-28T02:00:00+00:00,closed,ok,200,raw_data\pbp_2025\9cfc31da-5b6e-4ee4-87cf-2051401bf23a.json,
35aee448-2794-4453-9b79-17b91ac28be2,1022500032,2025-05-28T23:30:00+00:00,closed,ok,200,raw_data\pbp_2025\35aee448-2794-4453-9b79-17b91ac28be2.json,
a17fdde4-604b-4197-8c9a-97dc9b78c44e,1022500033,2025-05-29T23:00:00+00:00,closed,ok,200,raw_data\pbp_2025\a17fdde4-604b-4197-8c9a-97dc9b78c44e.json,
65e262be-3840-4e8e-bf9a-a4d9fe9acce4,1022500034,2025-05-30T00:00:00+00:00,closed,ok,200,raw_data\pbp_2025\65e262be-3840-4e8e-bf9a-a4d9fe9acce4.json,
1d299098-034f-480d-af99-bcebd640859e,1022500035,2025-05-30T23:30:00+00:00,closed,ok,200,raw_data\pbp_2025\1d299098-034f-480d-af99-bcebd640859e.json,
e09bd75a-f5bc-42c2-aff3-96b24323a37d,1022500036,2025-05-30T23:30:00+00:00,closed,ok,200,raw_data\pbp_2025\e09bd75a-f5bc-42c2-aff3-96b24323a37d.json,
b362941f-7c63-4698-b2fd-94d03931d2c4,1022500039,2025-05-31T02:00:00+00:00,closed,ok,200,raw_data\pbp_2025\b362941f-7c63-4698-b2fd-94d03931d2c4.json,
c3e32fcd-a01f-4508-a0a0-cd764857ad67,1022500038,2025-05-31T02:00:00+00:00,closed,ok,200,raw_data\pbp_2025\c3e32fcd-a01f-4508-a0a0-cd764857ad67.json,
f3470bfa-ede4-4a89-9112-c19f16602f14,1022500037,2025-05-31T02:00:00+00:00,closed,ok,200,raw_data\pbp_2025\f3470bfa-ede4-4a89-9112-c19f16602f14.json,
edfd325f-1f56-417a-9e52-bc60e744f09c,1022500040,2025-06-01T00:00:00+00:00,closed,ok,200,raw_data\pbp_2025\edfd325f-1f56-417a-9e52-bc60e744f09c.json,
765fac81-ca49-432b-8368-a419565a5531,1022500041,2025-06-01T19:00:00+00:00,closed,ok,200,raw_data\pbp_2025\765fac81-ca49-432b-8368-a419565a5531.json,
58213aa0-65d0-474d-8f26-5b28ea18b59d,1022500043,2025-06-01T22:00:00+00:00,closed,ok,200,raw_data\pbp_2025\58213aa0-65d0-474d-8f26-5b28ea18b59d.json,
c9d9dbf0-f3e6-4f3f-b2a5-e83fe165023d,1022500042,2025-06-01T22:00:00+00:00,closed,ok,200,raw_data\pbp_2025\c9d9dbf0-f3e6-4f3f-b2a5-e83fe165023d.json,
9998a61a-229c-44c2-b892-ee5b1ea16c23,1022500044,2025-06-02T00:30:00+00:00,closed,ok,200,raw_data\pbp_2025\9998a61a-229c-44c2-b892-ee5b1ea16c23.json,
ad3c9dd5-f619-4f67-8827-5fa1c32197a9,1022500045,2025-06-03T23:00:00+00:00,closed,ok,200,raw_data\pbp_2025\ad3c9dd5-f619-4f67-8827-5fa1c32197a9.json,
272d53ae-a46b-43bc-ac0f-8a846e03a9d1,1022500046,2025-06-04T00:00:00+00:00,closed,ok,200,raw_data\pbp_2025\272d53ae-a46b-43bc-ac0f-8a846e03a9d1.json,
ed7f05ed-46c5-44b7-84d2-222654ca74f9,1022500047,2025-06-04T01:30:00+00:00,closed,ok,200,raw_data\pbp_2025\ed7f05ed-46c5-44b7-84d2-222654ca74f9.json,
f8baaf5b-f1fa-4923-9eec-e85ed7a82142,1022500048,2025-06-05T23:30:00+00:00,closed,ok,200,raw_data\pbp_2025\f8baaf5b-f1fa-4923-9eec-e85ed7a82142.json,
45eb60bf-a1b9-4f49-90cb-62097ff47bbd,1022500049,2025-06-06T02:00:00+00:00,closed,ok,200,raw_data\pbp_2025\45eb60bf-a1b9-4f49-90cb-62097ff47bbd.json,
772cef5b-3110-4eaf-a68b-6eb3cd04f42a,1022500050,2025-06-06T23:30:00+00:00,closed,ok,200,raw_data\pbp_2025\772cef5b-3110-4eaf-a68b-6eb3cd04f42a.json,
47a7d227-3c32-40e6-a7ef-8ac8ab76d1a4,1022500051,2025-06-07T01:30:00+00:00,closed,ok,200,raw_data\pbp_2025\47a7d227-3c32-40e6-a7ef-8ac8ab76d1a4.json,
8b0ee0bd-54cf-4be2-a8ba-b16813be20b6,1022500052,2025-06-07T19:00:00+00:00,closed,ok,200,raw_data\pbp_2025\8b0ee0bd-54cf-4be2-a8ba-b16813be20b6.json,
6022e6ab-04da-4d0b-9ef0-7cad9d8f09cc,1022500053,2025-06-08T00:00:00+00:00,closed,ok,200,raw_data\pbp_2025\6022e6ab-04da-4d0b-9ef0-7cad9d8f09cc.json,
639e72ff-50dd-401b-a2a8-dd49fdd02b89,1022500054,2025-06-08T02:00:00+00:00,closed,ok,200,raw_data\pbp_2025\639e72ff-50dd-401b-a2a8-dd49fdd02b89.json,
d181b175-a503-4a37-a3ce-9673570c903d,1022500055,2025-06-08T19:00:00+00:00,closed,ok,200,raw_data\pbp_2025\d181b175-a503-4a37-a3ce-9673570c903d.json,
274b94f6-f288-4d46-bf2c-1b3ffaddacdf,1022500056,2025-06-08T20:00:00+00:00,closed,ok,200,raw_data\pbp_2025\274b94f6-f288-4d46-bf2c-1b3ffaddacdf.json,
5e1d090c-1c51-494b-8c1f-1f1ba520ee2a,1022500057,2025-06-10T02:00:00+00:00,closed,ok,200,raw_data\pbp_2025\5e1d090c-1c51-494b-8c1f-1f1ba520ee2a.json,
4a60d4ef-8d10-4f25-bab6-346332242fd5,1022500058,2025-06-10T23:30:00+00:00,closed,ok,200,raw_data\pbp_2025\4a60d4ef-8d10-4f25-bab6-346332242fd5.json,
b4e88ec3-e017-41ee-9815-d884b722b6e5,1022500059,2025-06-11T00:00:00+00:00,closed,ok,200,raw_data\pbp_2025\b4e88ec3-e017-41ee-9815-d884b722b6e5.json,
79540e2c-1097-4658-8983-740bf9bcb90f,1022500062,2025-06-12T02:00:00+00:00,closed,ok,200,raw_data\pbp_2025\79540e2c-1097-4658-8983-740bf9bcb90f.json,
84da0d09-cdf5-46a5-89eb-d489373ed8ed,1022500060,2025-06-12T02:00:00+00:00,closed,ok,200,raw_data\pbp_2025\84da0d09-cdf5-46a5-89eb-d489373ed8ed.json,
b2ddc164-9bb2-4439-86c3-4fd90c929a5b,1022500061,2025-06-12T02:00:00+00:00,closed,ok,200,raw_data\pbp_2025\b2ddc164-9bb2-4439-86c3-4fd90c929a5b.json,
c95f06b7-8138-460b-bc1d-e9c9478156eb,1022500063,2025-06-13T23:30:00+00:00,closed,ok,200,raw_data\pbp_2025\c95f06b7-8138-460b-bc1d-e9c9478156eb.json,
95640028-ee51-4c32-89e0-b7258c3072b2,1022500064,2025-06-14T02:00:00+00:00,closed,ok,200,raw_data\pbp_2025\95640028-ee51-4c32-89e0-b7258c3072b2.json,
998caf2f-d2a7-45f9-b02d-657e1bdfdb4b,1022500065,2025-06-14T17:00:00+00:00,closed,ok,200,raw_data\pbp_2025\998caf2f-d2a7-45f9-b02d-657e1bdfdb4b.json,
f43d1b9c-6f44-4c54-a1a7-cd450611311c,1022500066,2025-06-14T19:00:00+00:00,closed,ok,200,raw_data\pbp_2025\f43d1b9c-6f44-4c54-a1a7-cd450611311c.json,
ee13e918-b149-4c1e-8ae9-03cf0618c5d9,1022500067,2025-06-15T00:30:00+00:00,closed,ok,200,raw_data\pbp_2025\ee13e918-b149-4c1e-8ae9-03cf0618c5d9.json,
962dcb61-9ab7-45cf-8224-bcf693a06ceb,1022500068,2025-06-15T16:00:00+00:00,closed,ok,200,raw_data\pbp_2025\962dcb61-9ab7-45cf-8224-bcf693a06ceb.json,
58dd842c-81d4-4f8b-9019-9fb43e6b3e3c,1022500069,2025-06-15T18:00:00+00:00,closed,ok,200,raw_data\pbp_2025\58dd842c-81d4-4f8b-9019-9fb43e6b3e3c.json,
7162ed3d-7135-4801-b3a8-ba85cbcaa7ea,1022500070,2025-06-15T22:00:00+00:00,closed,ok,200,raw_data\pbp_2025\7162ed3d-7135-4801-b3a8-ba85cbcaa7ea.json,
acf4a696-dabb-4821-9d7a-7417121d43a8,1022500071,2025-06-17T23:00:00+00:00,closed,ok,200,raw_data\pbp_2025\acf4a696-dabb-4821-9d7a-7417121d43a8.json,
d4aa66df-d40e-4ca8-9232-7561e99aa20f,1022500072,2025-06-17T23:00:00+00:00,closed,ok,200,raw_data\pbp_2025\d4aa66df-d40e-4ca8-9232-7561e99aa20f.json,
326d833a-4a17-4fec-882e-c3699065a0ed,1022500075,2025-06-18T00:00:00+00:00,closed,ok,200,raw_data\pbp_2025\326d833a-4a17-4fec-882e-c3699065a0ed.json,
d3a6ebac-4d09-45ba-bacb-b2c623fe8e00,1022500073,2025-06-18T00:00:00+00:00,closed,ok,200,raw_data\pbp_2025\d3a6ebac-4d09-45ba-bacb-b2c623fe8e00.json,
f992552a-94d9-40c8-aa4b-fa5c7bf321fd,1022500074,2025-06-18T00:00:00+00:00,closed,ok,200,raw_data\pbp_2025\f992552a-94d9-40c8-aa4b-fa5c7bf321fd.json,
4f5eef0b-7151-49c4-bc34-46d08d1e5ca1,1022500076,2025-06-18T02:00:00+00:00,closed,ok,200,raw_data\pbp_2025\4f5eef0b-7151-49c4-bc34-46d08d1e5ca1.json,
42f7582e-79b3-4a78-88ba-0245ebd00b6b,1022500077,2025-06-18T23:00:00+00:00,closed,ok,200,raw_data\pbp_2025\42f7582e-79b3-4a78-88ba-0245ebd00b6b.json,
c9537ded-ab0e-4847-9c8a-61866576706f,1022500078,2025-06-19T23:00:00+00:00,closed,ok,200,raw_data\pbp_2025\c9537ded-ab0e-4847-9c8a-61866576706f.json,
57909126-867a-49a0-bc68-8c65ff35b9dd,1022500079,2025-06-20T02:00:00+00:00,closed,ok,200,raw_data\pbp_2025\57909126-867a-49a0-bc68-8c65ff35b9dd.json,
5cc2b6cf-49a3-4f54-a14e-88d92bf3ac7a,1022500081,2025-06-20T23:30:00+00:00,closed,ok,200,raw_data\pbp_2025\5cc2b6cf-49a3-4f54-a14e-88d92bf3ac7a.json,
779671c7-564a-4c9b-8014-3f019f2e56ad,1022500080,2025-06-20T23:30:00+00:00,closed,ok,200,raw_data\pbp_2025\779671c7-564a-4c9b-8014-3f019f2e56ad.json,
2d265850-900a-4d26-b91d-9ea1c0a1b382,1022500082,2025-06-21T02:00:00+00:00,closed,ok,200,raw_data\pbp_2025\2d265850-900a-4d26-b91d-9ea1c0a1b382.json,
84446760-5dc5-43e6-a5d9-58080ed0ef75,1022500083,2025-06-21T17:00:00+00:00,closed,ok,200,raw_data\pbp_2025\84446760-5dc5-43e6-a5d9-58080ed0ef75.json,
1294e522-7385-45d7-852f-76da7cf5ab3d,1022500084,2025-06-22T00:00:00+00:00,closed,ok,200,raw_data\pbp_2025\1294e522-7385-45d7-852f-76da7cf5ab3d.json,
36996288-3356-4ce9-b751-b31f6890cd69,1022500087,2025-06-22T19:00:00+00:00,closed,ok,200,raw_data\pbp_2025\36996288-3356-4ce9-b751-b31f6890cd69.json,
b22ddc9a-0884-436b-a5cb-261725723b33,1022500085,2025-06-22T19:00:00+00:00,closed,ok,200,raw_data\pbp_2025\b22ddc9a-0884-436b-a5cb-261725723b33.json,
cda56706-140f-45d4-b565-9b1457767039,1022500086,2025-06-22T19:00:00+00:00,closed,ok,200,raw_data\pbp_2025\cda56706-140f-45d4-b565-9b1457767039.json,
5c4e4191-667a-4956-811e-2cccb0324876,1022500088,2025-06-22T23:00:00+00:00,closed,ok,200,raw_data\pbp_2025\5c4e4191-667a-4956-811e-2cccb0324876.json,
10082fe6-4d1c-4a6a-997d-061623f03559,1022500089,2025-06-23T00:30:00+00:00,closed,ok,200,raw_data\pbp_2025\10082fe6-4d1c-4a6a-997d-061623f03559.json,
113aaa30-c901-4aa5-bbaa-16445f830e85,1022500092,2025-06-25T00:00:00+00:00,closed,ok,200,raw_data\pbp_2025\113aaa30-c901-4aa5-bbaa-16445f830e85.json,
4bfeb202-768f-487c-a416-9c9a314242a6,1022500091,2025-06-25T00:00:00+00:00,closed,ok,200,raw_data\pbp_2025\4bfeb202-768f-487c-a416-9c9a314242a6.json,
f07b7d2f-3955-4af2-ad39-73299457ce8f,1022500090,2025-06-25T00:00:00+00:00,closed,ok,200,raw_data\pbp_2025\f07b7d2f-3955-4af2-ad39-73299457ce8f.json,
009fc0bc-e36e-47b2-b5c5-e5cab9b252d1,1022500093,2025-06-25T02:00:00+00:00,closed,ok,200,raw_data\pbp_2025\009fc0bc-e36e-47b2-b5c5-e5cab9b252d1.json,
1c528f37-bdd0-449a-99b5-7a8d174e4243,1022500094,2025-06-26T02:00:00+00:00,closed,ok,200,raw_data\pbp_2025\1c528f37-bdd0-449a-99b5-7a8d174e4243.json,
e6fdfe56-f4ef-4bab-8f24-19a99adb7f6f,1022500095,2025-06-26T02:00:00+00:00,closed,ok,200,raw_data\pbp_2025\e6fdfe56-f4ef-4bab-8f24-19a99adb7f6f.json,
03c66dd6-d190-41d7-bb90-7709c8c6493b,1022500096,2025-06-26T23:00:00+00:00,closed,ok,200,raw_data\pbp_2025\03c66dd6-d190-41d7-bb90-7709c8c6493b.json,
fd8a85e4-5aac-47f6-b278-e1f1fa69b82d,1022500097,2025-06-27T02:00:00+00:00,closed,ok,200,raw_data\pbp_2025\fd8a85e4-5aac-47f6-b278-e1f1fa69b82d.json,
4e456309-00d3-4582-8f89-1c9049054791,1022500098,2025-06-27T23:30:00+00:00,closed,ok,200,raw_data\pbp_2025\4e456309-00d3-4582-8f89-1c9049054791.json,
b27d4faa-d86d-439c-9ae5-0ed478abadb8,1022500099,2025-06-27T23:30:00+00:00,closed,ok,200,raw_data\pbp_2025\b27d4faa-d86d-439c-9ae5-0ed478abadb8.json,
02291b17-b5ee-4973-b184-51149f2c1817,1022500101,2025-06-28T02:00:00+00:00,closed,ok,200,raw_data\pbp_2025\02291b17-b5ee-4973-b184-51149f2c1817.json,
27345b01-bece-490a-b228-52c863c0e525,1022500100,2025-06-28T02:00:00+00:00,closed,ok,200,raw_data\pbp_2025\27345b01-bece-490a-b228-52c863c0e525.json,
f2a059a9-b803-4538-b746-3868679fa790,1022500102,2025-06-28T02:00:00+00:00,closed,ok,200,raw_data\pbp_2025\f2a059a9-b803-4538-b746-3868679fa790.json,
f73fe2ca-493d-4a4e-bb34-3b5834d2ce24,1022500103,2025-06-29T00:00:00+00:00,closed,ok,200,raw_data\pbp_2025\f73fe2ca-493d-4a4e-bb34-3b5834d2ce24.json,
896a9eeb-64b3-4a6c-a723-7f1a9ac07e42,1022500104,2025-06-29T19:00:00+00:00,closed,ok,200,raw_data\pbp_2025\896a9eeb-64b3-4a6c-a723-7f1a9ac07e42.json,
8a325ea5-03e5-4940-bb7a-2eb4c8b2b077,1022500105,2025-06-29T20:00:00+00:00,closed,ok,200,raw_data\pbp_2025\8a325ea5-03e5-4940-bb7a-2eb4c8b2b077.json,
475cc53b-e563-4217-a5dc-930581369bab,1022500106,2025-06-29T22:00:00+00:00,closed,ok,200,raw_data\pbp_2025\475cc53b-e563-4217-a5dc-930581369bab.json,
70027443-e0df-4b70-ae14-444a64d21e97,1022500107,2025-06-29T23:00:00+00:00,closed,ok,200,raw_data\pbp_2025\70027443-e0df-4b70-ae14-444a64d21e97.json,
63c1a202-5e2e-4437-896f-5759a7ed6c69,1022500108,2025-06-30T00:30:00+00:00,closed,ok,200,raw_data\pbp_2025\63c1a202-5e2e-4437-896f-5759a7ed6c69.json,
01384c8c-e038-4abe-b80a-901c44d112ce,1022500109,2025-07-03T23:00:00+00:00,closed,ok,200,raw_data\pbp_2025\01384c8c-e038-4abe-b80a-901c44d112ce.json,
8eac9b16-89e2-4dd6-bf64-c8281c7879f7,1022500110,2025-07-03T23:00:00+00:00,closed,ok,200,raw_data\pbp_2025\8eac9b16-89e2-4dd6-bf64-c8281c7879f7.json,
21815dfe-7533-4983-9fc4-01b7e5798634,1022500111,2025-07-03T23:30:00+00:00,closed,ok,200,raw_data\pbp_2025\21815dfe-7533-4983-9fc4-01b7e5798634.json,
4ad39d3d-bb92-4273-aac9-14aced9b814c,1022500112,2025-07-04T00:00:00+00:00,closed,ok,200,raw_data\pbp_2025\4ad39d3d-bb92-4273-aac9-14aced9b814c.json,
5f9bc5fb-ea1b-41df-a540-0be01471154c,1022500113,2025-07-04T00:00:00+00:00,closed,ok,200,raw_data\pbp_2025\5f9bc5fb-ea1b-41df-a540-0be01471154c.json,
fb52f96d-5a6c-47ca-93ba-471dd9084a2d,1022500114,2025-07-05T23:00:00+00:00,closed,ok,200,raw_data\pbp_2025\fb52f96d-5a6c-47ca-93ba-471dd9084a2d.json,
7d922f87-8ed8-4992-9dd4-4f167d608dd6,1022500115,2025-07-06T00:00:00+00:00,closed,ok,200,raw_data\pbp_2025\7d922f87-8ed8-4992-9dd4-4f167d608dd6.json,
ecb7cba9-dfbe-46df-9326-2442921add0c,1022500117,2025-07-06T17:00:00+00:00,closed,ok,200,raw_data\pbp_2025\ecb7cba9-dfbe-46df-9326-2442921add0c.json,
e71aa609-4f24-4b4c-8d2f-952f1cc9a393,1022500116,2025-07-06T20:00:00+00:00,closed,ok,200,raw_data\pbp_2025\e71aa609-4f24-4b4c-8d2f-952f1cc9a393.json,
c45b91f1-cf78-4834-bbf7-ec7221c75049,1022500118,2025-07-06T23:00:00+00:00,closed,ok,200,raw_data\pbp_2025\c45b91f1-cf78-4834-bbf7-ec7221c75049.json,
a4d71aea-7129-4510-a0c0-686300cd53cf,1022500119,2025-07-07T23:30:00+00:00,closed,ok,200,raw_data\pbp_2025\a4d71aea-7129-4510-a0c0-686300cd53cf.json,
cb7c1747-ad70-44d5-86ba-dde154b3bcbd,1022500120,2025-07-08T02:00:00+00:00,closed,ok,200,raw_data\pbp_2025\cb7c1747-ad70-44d5-86ba-dde154b3bcbd.json,
66b295b9-ed48-41fe-8fd7-4cca0813f9f5,1022500121,2025-07-08T15:30:00+00:00,closed,ok,200,raw_data\pbp_2025\66b295b9-ed48-41fe-8fd7-4cca0813f9f5.json,
32604e6c-f852-4281-b6c9-a2d2c18fbc96,1022500122,2025-07-09T00:00:00+00:00,closed,ok,200,raw_data\pbp_2025\32604e6c-f852-4281-b6c9-a2d2c18fbc96.json,
cba5ede2-0a93-430c-aa0b-4c48363996d9,1022500123,2025-07-09T15:00:00+00:00,closed,ok,200,raw_data\pbp_2025\cba5ede2-0a93-430c-aa0b-4c48363996d9.json,
473b6ccd-bea1-4377-b656-99e755056013,1022500124,2025-07-09T16:00:00+00:00,closed,ok,200,raw_data\pbp_2025\473b6ccd-bea1-4377-b656-99e755056013.json,
516df53d-92a5-477a-bf9c-ae883264d691,1022500125,2025-07-09T19:30:00+00:00,closed,ok,200,raw_data\pbp_2025\516df53d-92a5-477a-bf9c-ae883264d691.json,
79e66bc9-a63b-4d35-a31b-81f82758ffd1,1022500126,2025-07-10T00:00:00+00:00,closed,ok,200,raw_data\pbp_2025\79e66bc9-a63b-4d35-a31b-81f82758ffd1.json,
e3e04e5c-30b5-4cd3-bef5-9e4a16bf0e89,1022500127,2025-07-10T19:00:00+00:00,closed,ok,200,raw_data\pbp_2025\e3e04e5c-30b5-4cd3-bef5-9e4a16bf0e89.json,
3128ac62-3240-4020-a3d9-456d92e4e181,1022500128,2025-07-10T23:30:00+00:00,closed,ok,200,raw_data\pbp_2025\3128ac62-3240-4020-a3d9-456d92e4e181.json,
9490bb7a-0d69-46d9-b48b-8e419003820a,1022500129,2025-07-11T23:30:00+00:00,closed,ok,200,raw_data\pbp_2025\9490bb7a-0d69-46d9-b48b-8e419003820a.json,
cde22b85-921d-4781-95cf-173139bae8b9,1022500130,2025-07-12T02:00:00+00:00,closed,ok,200,raw_data\pbp_2025\cde22b85-921d-4781-95cf-173139bae8b9.json,
6ff8bfe8-1070-4692-958b-926fedbc2607,1022500131,2025-07-12T17:00:00+00:00,closed,ok,200,raw_data\pbp_2025\6ff8bfe8-1070-4692-958b-926fedbc2607.json,
b25f3091-aef6-4e55-9fb0-d5745a720e42,1022500132,2025-07-12T20:00:00+00:00,closed,ok,200,raw_data\pbp_2025\b25f3091-aef6-4e55-9fb0-d5745a720e42.json,
d11600c6-b496-4625-ac2a-acd44a4fe7c4,1022500133,2025-07-13T17:00:00+00:00,closed,ok,200,raw_data\pbp_2025\d11600c6-b496-4625-ac2a-acd44a4fe7c4.json,
1afa397b-1c35-4439-9ccf-dfb9fe66edfd,1022500134,2025-07-13T19:00:00+00:00,closed,ok,200,raw_data\pbp_2025\1afa397b-1c35-4439-9ccf-dfb9fe66edfd.json,
1dc8a33e-b81b-4a0d-91bf-0109943d729e,1022500135,2025-07-13T22:00:00+00:00,closed,ok,200,raw_data\pbp_2025\1dc8a33e-b81b-4a0d-91bf-0109943d729e.json,
9bb7fd31-2faf-4602-bf65-4532dd75baba,1022500136,2025-07-13T22:00:00+00:00,closed,ok,200,raw_data\pbp_2025\9bb7fd31-2faf-4602-bf65-4532dd75baba.json,
541ceca0-1e17-4022-9583-6389fd9a0b97,1022500137,2025-07-15T00:00:00+00:00,closed,ok,200,raw_data\pbp_2025\541ceca0-1e17-4022-9583-6389fd9a0b97.json,
8a311d5b-f22a-4cac-8291-39d32d009302,1022500138,2025-07-15T02:00:00+00:00,closed,ok,200,raw_data\pbp_2025\8a311d5b-f22a-4cac-8291-39d32d009302.json,
333e71e9-d362-4003-836b-7d936322e7d2,1022500139,2025-07-16T00:00:00+00:00,closed,ok,200,raw_data\pbp_2025\333e71e9-d362-4003-836b-7d936322e7d2.json,
e380b602-7a50-4ce9-99e7-63c43f11724e,1022500140,2025-07-16T02:00:00+00:00,closed,ok,200,raw_data\pbp_2025\e380b602-7a50-4ce9-99e7-63c43f11724e.json,
c0fc57e5-f80e-4668-a218-89e26635bcda,1022500141,2025-07-16T16:00:00+00:00,closed,ok,200,raw_data\pbp_2025\c0fc57e5-f80e-4668-a218-89e26635bcda.json,
83fc47a0-fbb1-4f04-8af2-94e9a1fd566e,1022500142,2025-07-16T17:00:00+00:00,closed,ok,200,raw_data\pbp_2025\83fc47a0-fbb1-4f04-8af2-94e9a1fd566e.json,
5e64c14b-9cf3-45d2-bd9d-f0af702d801f,1022500143,2025-07-16T19:00:00+00:00,closed,ok,200,raw_data\pbp_2025\5e64c14b-9cf3-45d2-bd9d-f0af702d801f.json,
1f15d85b-41ea-4e16-b597-b0e14ee9ba73,1022500144,2025-07-16T23:30:00+00:00,closed,ok,200,raw_data\pbp_2025\1f15d85b-41ea-4e16-b597-b0e14ee9ba73.json,
644ab6e9-5db5-4614-a48f-09f6721a63de,1022500145,2025-07-17T00:00:00+00:00,closed,ok,200,raw_data\pbp_2025\644ab6e9-5db5-4614-a48f-09f6721a63de.json,
b738fdbc-f927-499b-a793-bf237c3945d7,1032500001,2025-07-20T00:30:00+00:00,closed,ok,200,raw_data\pbp_2025\b738fdbc-f927-499b-a793-bf237c3945d7.json,
ee0589dc-66ed-4b0f-88f5-466040567e54,1022500146,2025-07-22T23:30:00+00:00,closed,ok,200,raw_data\pbp_2025\ee0589dc-66ed-4b0f-88f5-466040567e54.json,
32cb5f24-0d87-4645-a3fd-dd1e0fd1a4f6,1022500147,2025-07-23T00:00:00+00:00,closed,ok,200,raw_data\pbp_2025\32cb5f24-0d87-4645-a3fd-dd1e0fd1a4f6.json,
5ec92dac-bcc5-4c96-a776-daf36ffd931c,1022500148,2025-07-23T00:00:00+00:00,closed,ok,200,raw_data\pbp_2025\5ec92dac-bcc5-4c96-a776-daf36ffd931c.json,
47165c40-8cd4-435b-8cc3-4ec5254c2ccd,1022500150,2025-07-23T02:00:00+00:00,closed,ok,200,raw_data\pbp_2025\47165c40-8cd4-435b-8cc3-4ec5254c2ccd.json,
79e78af3-8156-4f23-b736-0b0638476136,1022500149,2025-07-23T02:00:00+00:00,closed,ok,200,raw_data\pbp_2025\79e78af3-8156-4f23-b736-0b0638476136.json,
17812353-7592-47dc-9fe1-36f6bb0d8b9d,1022500151,2025-07-24T02:00:00+00:00,closed,ok,200,raw_data\pbp_2025\17812353-7592-47dc-9fe1-36f6bb0d8b9d.json,
4d8cf7bd-df70-42d4-a4fd-14a6fcb736a9,1022500153,2025-07-24T23:00:00+00:00,closed,ok,200,raw_data\pbp_2025\4d8cf7bd-df70-42d4-a4fd-14a6fcb736a9.json,
df3cec08-c316-47e9-9bf2-3deedec89e18,1022500152,2025-07-24T23:00:00+00:00,closed,ok,200,raw_data\pbp_2025\df3cec08-c316-47e9-9bf2-3deedec89e18.json,
d8bda49f-0b5d-428a-9697-070219652f4a,1022500154,2025-07-25T00:30:00+00:00,closed,ok,200,raw_data\pbp_2025\d8bda49f-0b5d-428a-9697-070219652f4a.json,
0141c94b-0923-4c3f-8e2f-50513198e128,1022500156,2025-07-25T23:30:00+00:00,closed,ok,200,raw_data\pbp_2025\0141c94b-0923-4c3f-8e2f-50513198e128.json,
886f70ad-6601-4949-8361-19950f284336,1022500155,2025-07-25T23:30:00+00:00,closed,ok,200,raw_data\pbp_2025\886f70ad-6601-4949-8361-19950f284336.json,
d417a7b2-8eca-4edd-9e75-7875ed550fdd,1022500157,2025-07-26T02:00:00+00:00,closed,ok,200,raw_data\pbp_2025\d417a7b2-8eca-4edd-9e75-7875ed550fdd.json,
b1e3f299-f65d-4dad-be45-f936a6d7278f,1022500159,2025-07-26T23:00:00+00:00,closed,ok,200,raw_data\pbp_2025\b1e3f299-f65d-4dad-be45-f936a6d7278f.json,
a4cfb5be-1674-4ee4-af01-a984647aadea,1022500160,2025-07-26T23:30:00+00:00,closed,ok,200,raw_data\pbp_2025\a4cfb5be-1674-4ee4-af01-a984647aadea.json,
c1285855-b4ab-4687-98f6-5191a40ff762,1022500161,2025-07-27T17:00:00+00:00,closed,ok,200,raw_data\pbp_2025\c1285855-b4ab-4687-98f6-5191a40ff762.json,
c8479b40-acd5-45d5-8423-804199b3cc72,1022500158,2025-07-27T19:00:00+00:00,closed,ok,200,raw_data\pbp_2025\c8479b40-acd5-45d5-8423-804199b3cc72.json,
585740b6-3c8b-4746-8808-e7635a88c710,1022500162,2025-07-27T20:00:00+00:00,closed,ok,200,raw_data\pbp_2025\585740b6-3c8b-4746-8808-e7635a88c710.json,
d5b4c575-bc11-412e-893d-9c6ed1889586,1022500163,2025-07-27T22:00:00+00:00,closed,ok,200,raw_data\pbp_2025\d5b4c575-bc11-412e-893d-9c6ed1889586.json,
548df81e-2319-4153-a4df-bf65932d74be,1022500164,2025-07-27T23:00:00+00:00,closed,ok,200,raw_data\pbp_2025\548df81e-2319-4153-a4df-bf65932d74be.json,
6adda940-e25a-4b97-9334-bfcbbb00d303,1022500165,2025-07-28T23:00:00+00:00,closed,ok,200,raw_data\pbp_2025\6adda940-e25a-4b97-9334-bfcbbb00d303.json,
17a0db49-b39b-430e-91c7-d573aca6eb9e,1022500166,2025-07-29T00:00:00+00:00,closed,ok,200,raw_data\pbp_2025\17a0db49-b39b-430e-91c7-d573aca6eb9e.json,
0976f7b8-1f32-4781-a1a1-c00605e4456c,1022500168,2025-07-29T23:30:00+00:00,closed,ok,200,raw_data\pbp_2025\0976f7b8-1f32-4781-a1a1-c00605e4456c.json,
7a6fecee-f650-46ac-af8f-8dfc5ff13ae2,1022500167,2025-07-29T23:30:00+00:00,closed,ok,200,raw_data\pbp_2025\7a6fecee-f650-46ac-af8f-8dfc5ff13ae2.json,
d1c14296-f76a-40ad-aa4d-31daaa637556,1022500169,2025-07-30T02:00:00+00:00,closed,ok,200,raw_data\pbp_2025\d1c14296-f76a-40ad-aa4d-31daaa637556.json,
185c1d82-80ca-427a-bb34-b717e2127e2e,1022500170,2025-07-30T23:00:00+00:00,closed,ok,200,raw_data\pbp_2025\185c1d82-80ca-427a-bb34-b717e2127e2e.json,
c2f7980e-2390-45e9-8977-c6e6d2c1f545,1022500172,2025-07-31T00:00:00+00:00,closed,ok,200,raw_data\pbp_2025\c2f7980e-2390-45e9-8977-c6e6d2c1f545.json,
e8241b1f-576e-4bcf-b7d0-79606aa78b00,1022500171,2025-07-31T00:00:00+00:00,closed,ok,200,raw_data\pbp_2025\e8241b1f-576e-4bcf-b7d0-79606aa78b00.json,
50578d4e-21ed-488c-ac01-1008b9b70e0d,1022500173,2025-07-31T23:30:00+00:00,closed,ok,200,raw_data\pbp_2025\50578d4e-21ed-488c-ac01-1008b9b70e0d.json,
64fb0c10-3ce1-4592-a3f9-65395a9e58af,1022500174,2025-08-01T23:30:00+00:00,closed,ok,200,raw_data\pbp_2025\64fb0c10-3ce1-4592-a3f9-65395a9e58af.json,
a107ee4b-b669-407b-a34b-fbabfce430fd,1022500175,2025-08-01T23:30:00+00:00,closed,ok,200,raw_data\pbp_2025\a107ee4b-b669-407b-a34b-fbabfce430fd.json,
a1ca524f-e7ce-449f-ab32-66adea0ba523,1022500177,2025-08-01T23:30:00+00:00,closed,ok,200,raw_data\pbp_2025\a1ca524f-e7ce-449f-ab32-66adea0ba523.json,
dac6daa2-9c9a-4f59-9904-7a2947143e7a,1022500176,2025-08-01T23:30:00+00:00,closed,ok,200,raw_data\pbp_2025\dac6daa2-9c9a-4f59-9904-7a2947143e7a.json,
f5e70e9e-0abc-49a4-b407-193d76a99fd6,1022500178,2025-08-02T02:00:00+00:00,closed,ok,200,raw_data\pbp_2025\f5e70e9e-0abc-49a4-b407-193d76a99fd6.json,
1a3627a5-02d8-49f1-8015-8b258b6af8d6,1022500179,2025-08-02T19:00:00+00:00,closed,ok,200,raw_data\pbp_2025\1a3627a5-02d8-49f1-8015-8b258b6af8d6.json,
fd9a1650-48c4-4a52-a5dc-0324466c3ed0,1022500181,2025-08-03T17:00:00+00:00,closed,ok,200,raw_data\pbp_2025\fd9a1650-48c4-4a52-a5dc-0324466c3ed0.json,
0b629654-f5ce-4ac6-af48-0c1db944c24c,1022500180,2025-08-03T19:00:00+00:00,closed,ok,200,raw_data\pbp_2025\0b629654-f5ce-4ac6-af48-0c1db944c24c.json,
58be413a-aed7-412e-a0ea-b7b5525ffedc,1022500184,2025-08-03T19:00:00+00:00,closed,ok,200,raw_data\pbp_2025\58be413a-aed7-412e-a0ea-b7b5525ffedc.json,
1dffe97b-d132-4697-af9f-8b08902da90d,1022500182,2025-08-03T22:00:00+00:00,closed,ok,200,raw_data\pbp_2025\1dffe97b-d132-4697-af9f-8b08902da90d.json,
de06dc94-ceb2-41b8-bde0-f9f91c917d00,1022500183,2025-08-03T22:00:00+00:00,closed,ok,200,raw_data\pbp_2025\de06dc94-ceb2-41b8-bde0-f9f91c917d00.json,
a386fb2c-3ff8-4de2-96a3-38a77b363f3b,1022500185,2025-08-05T23:00:00+00:00,closed,ok,200,raw_data\pbp_2025\a386fb2c-3ff8-4de2-96a3-38a77b363f3b.json,
cd325282-98cc-46dd-a9f0-e2d5d887b51f,1022500186,2025-08-06T00:00:00+00:00,closed,ok,200,raw_data\pbp_2025\cd325282-98cc-46dd-a9f0-e2d5d887b51f.json,
6a9e0ff7-c5b4-4a72-b217-41dc4a8caa4f,1022500189,2025-08-06T02:00:00+00:00,closed,ok,200,raw_data\pbp_2025\6a9e0ff7-c5b4-4a72-b217-41dc4a8caa4f.json,
9bafda37-d4b4-455f-853c-14e788647931,1022500187,2025-08-06T02:00:00+00:00,closed,ok,200,raw_data\pbp_2025\9bafda37-d4b4-455f-853c-14e788647931.json,
d300ee86-e2e0-4bf4-9247-1d7a3a859e07,1022500188,2025-08-06T02:00:00+00:00,closed,ok,200,raw_data\pbp_2025\d300ee86-e2e0-4bf4-9247-1d7a3a859e07.json,
b95c82f4-3822-42a7-a0f7-2e42c3960736,1022500190,2025-08-07T02:00:00+00:00,closed,ok,200,raw_data\pbp_2025\b95c82f4-3822-42a7-a0f7-2e42c3960736.json,
186e6409-ec2d-4ab0-ae28-17589c92364e,1022500191,2025-08-08T00:00:00+00:00,closed,ok,200,raw_data\pbp_2025\186e6409-ec2d-4ab0-ae28-17589c92364e.json,
042c5181-7425-497a-8593-922c0cccfc16,1022500192,2025-08-08T02:00:00+00:00,closed,ok,200,raw_data\pbp_2025\042c5181-7425-497a-8593-922c0cccfc16.json,
0934f4d6-98dc-4543-b6bd-c04adfa95bf2,1022500193,2025-08-08T02:00:00+00:00,closed,ok,200,raw_data\pbp_2025\0934f4d6-98dc-4543-b6bd-c04adfa95bf2.json,
076e0d71-c610-4e6f-9814-6099bc1f606b,1022500194,2025-08-08T23:30:00+00:00,closed,ok,200,raw_data\pbp_2025\076e0d71-c610-4e6f-9814-6099bc1f606b.json,
29b79cdd-02fe-4814-a965-ee95a23a8475,1022500195,2025-08-08T23:30:00+00:00,closed,ok,200,raw_data\pbp_2025\29b79cdd-02fe-4814-a965-ee95a23a8475.json,
25596e43-21b0-4411-b093-a5ca0b6480d6,1022500196,2025-08-09T02:00:00+00:00,closed,ok,200,raw_data\pbp_2025\25596e43-21b0-4411-b093-a5ca0b6480d6.json,
8cc5b0f6-cada-4bcf-8b02-0d0d88de48ed,1022500198,2025-08-10T00:00:00+00:00,closed,ok,200,raw_data\pbp_2025\8cc5b0f6-cada-4bcf-8b02-0d0d88de48ed.json,
3a283716-466b-440c-a344-5994da2e16aa,1022500197,2025-08-10T00:30:00+00:00,closed,ok,200,raw_data\pbp_2025\3a283716-466b-440c-a344-5994da2e16aa.json,
2de72b4c-3c39-42c4-8321-18efac227563,1022500199,2025-08-10T16:30:00+00:00,closed,ok,200,raw_data\pbp_2025\2de72b4c-3c39-42c4-8321-18efac227563.json,
56ef45bc-fa3c-47bb-926c-8b9f8433bdb6,1022500200,2025-08-10T20:00:00+00:00,closed,ok,200,raw_data\pbp_2025\56ef45bc-fa3c-47bb-926c-8b9f8433bdb6.json,
2eb1473f-e48b-4a13-bb64-bb3604b03c6d,1022500202,2025-08-10T22:00:00+00:00,closed,ok,200,raw_data\pbp_2025\2eb1473f-e48b-4a13-bb64-bb3604b03c6d.json,
935164e5-cfe3-4dba-ab15-eccdd145ace9,1022500201,2025-08-11T00:00:00+00:00,closed,ok,200,raw_data\pbp_2025\935164e5-cfe3-4dba-ab15-eccdd145ace9.json,
5ad8ad8a-0d14-4a98-986e-ce28cf221779,1022500203,2025-08-11T01:00:00+00:00,closed,ok,200,raw_data\pbp_2025\5ad8ad8a-0d14-4a98-986e-ce28cf221779.json,
d4d4ba52-c15f-4b5d-be3d-337d438d5749,1022500204,2025-08-12T02:00:00+00:00,closed,ok,200,raw_data\pbp_2025\d4d4ba52-c15f-4b5d-be3d-337d438d5749.json,
e95d472a-45d1-45ba-81f4-030d6afe351a,1022500205,2025-08-12T23:30:00+00:00,closed,ok,200,raw_data\pbp_2025\e95d472a-45d1-45ba-81f4-030d6afe351a.json,
33c1ac74-3d81-4431-81f2-e8d996bd505b,1022500206,2025-08-13T02:00:00+00:00,closed,ok,200,raw_data\pbp_2025\33c1ac74-3d81-4431-81f2-e8d996bd505b.json,
3f5f7cac-ecfc-4b06-a399-6b587dc94aab,1022500207,2025-08-13T23:00:00+00:00,closed,ok,200,raw_data\pbp_2025\3f5f7cac-ecfc-4b06-a399-6b587dc94aab.json,
74f4d3c6-f105-49b3-bb25-ee57ac47d235,1022500208,2025-08-13T23:30:00+00:00,closed,ok,200,raw_data\pbp_2025\74f4d3c6-f105-49b3-bb25-ee57ac47d235.json,
ef433d2f-c65d-45c8-aa73-88e89b9dcdce,1022500209,2025-08-14T01:30:00+00:00,closed,ok,200,raw_data\pbp_2025\ef433d2f-c65d-45c8-aa73-88e89b9dcdce.json,
4b134f76-aff1-49fb-b585-3e9073eb44c2,1022500210,2025-08-14T02:00:00+00:00,closed,ok,200,raw_data\pbp_2025\4b134f76-aff1-49fb-b585-3e9073eb44c2.json,
0dba890c-bbe9-4bd1-bfce-2ccaff13d596,1022500212,2025-08-15T23:30:00+00:00,closed,ok,200,raw_data\pbp_2025\0dba890c-bbe9-4bd1-bfce-2ccaff13d596.json,
a7dc6a3d-76f1-43a8-9bdf-fd66492af752,1022500211,2025-08-15T23:30:00+00:00,closed,ok,200,raw_data\pbp_2025\a7dc6a3d-76f1-43a8-9bdf-fd66492af752.json,
abe6b85a-9f9f-4056-95b8-9ffb7861376f,1022500213,2025-08-15T23:30:00+00:00,closed,ok,200,raw_data\pbp_2025\abe6b85a-9f9f-4056-95b8-9ffb7861376f.json,
f69e50f9-fa32-4c94-9a1b-f8a270e47e4c,1022500214,2025-08-16T02:00:00+00:00,closed,ok,200,raw_data\pbp_2025\f69e50f9-fa32-4c94-9a1b-f8a270e47e4c.json,
fdec04dc-4b3e-4713-8640-3988c3e4f01f,1022500215,2025-08-16T02:00:00+00:00,closed,ok,200,raw_data\pbp_2025\fdec04dc-4b3e-4713-8640-3988c3e4f01f.json,
673f7bf8-4cb2-4836-9dec-4131b50da342,1022500216,2025-08-16T18:00:00+00:00,closed,ok,200,raw_data\pbp_2025\673f7bf8-4cb2-4836-9dec-4131b50da342.json,
211705ef-50b5-48b3-8486-1e18374bada4,1022500218,2025-08-17T17:00:00+00:00,closed,ok,200,raw_data\pbp_2025\211705ef-50b5-48b3-8486-1e18374bada4.json,
3495c00d-950e-4e49-87e6-3a022d1d9c1b,1022500217,2025-08-17T19:00:00+00:00,closed,ok,200,raw_data\pbp_2025\3495c00d-950e-4e49-87e6-3a022d1d9c1b.json,
89e532bc-3a8e-4609-b8bc-6b416e0fd935,1022500219,2025-08-17T19:30:00+00:00,closed,ok,200,raw_data\pbp_2025\89e532bc-3a8e-4609-b8bc-6b416e0fd935.json,
b233aa62-25a1-489f-9f1a-ad31d9a6a7c2,1022500220,2025-08-17T22:00:00+00:00,closed,ok,200,raw_data\pbp_2025\b233aa62-25a1-489f-9f1a-ad31d9a6a7c2.json,
94b79934-48bf-41c5-a7e5-0387bb466644,1022500221,2025-08-18T00:30:00+00:00,closed,ok,200,raw_data\pbp_2025\94b79934-48bf-41c5-a7e5-0387bb466644.json,
b6df91b4-c8f5-45f8-bebf-c6845d61912b,1022500222,2025-08-19T23:00:00+00:00,closed,ok,200,raw_data\pbp_2025\b6df91b4-c8f5-45f8-bebf-c6845d61912b.json,
f9368273-0898-4f92-bd8a-83357de98319,1022500223,2025-08-19T23:30:00+00:00,closed,ok,200,raw_data\pbp_2025\f9368273-0898-4f92-bd8a-83357de98319.json,
45ff0733-6194-4e63-bc59-0cc5efa69256,1022500224,2025-08-20T00:00:00+00:00,closed,ok,200,raw_data\pbp_2025\45ff0733-6194-4e63-bc59-0cc5efa69256.json,
2cc91c72-9797-403a-adc1-51f134d84117,1022500226,2025-08-20T02:00:00+00:00,closed,ok,200,raw_data\pbp_2025\2cc91c72-9797-403a-adc1-51f134d84117.json,
dfddb2f2-d585-40c5-b962-cc34ca2a9374,1022500225,2025-08-20T02:00:00+00:00,closed,ok,200,raw_data\pbp_2025\dfddb2f2-d585-40c5-b962-cc34ca2a9374.json,
44e93bed-d304-4352-aebd-6ce08d7ecba0,1022500227,2025-08-21T02:00:00+00:00,closed,ok,200,raw_data\pbp_2025\44e93bed-d304-4352-aebd-6ce08d7ecba0.json,
7989533a-1d74-4dd2-987f-83cae58ec668,1022500228,2025-08-21T23:00:00+00:00,closed,ok,200,raw_data\pbp_2025\7989533a-1d74-4dd2-987f-83cae58ec668.json,
e294a887-c480-4ae6-b011-de2aaa055059,1022500229,2025-08-21T23:00:00+00:00,closed,ok,200,raw_data\pbp_2025\e294a887-c480-4ae6-b011-de2aaa055059.json,
1bfb21d0-94d4-414b-872a-8caa5df09a89,1022500230,2025-08-21T23:30:00+00:00,closed,ok,200,raw_data\pbp_2025\1bfb21d0-94d4-414b-872a-8caa5df09a89.json,
6284f010-f6d1-40dc-8fca-3b4803fd645b,1022500231,2025-08-22T02:00:00+00:00,closed,ok,200,raw_data\pbp_2025\6284f010-f6d1-40dc-8fca-3b4803fd645b.json,
1146f4af-8af9-4447-97da-96ce6b61a481,1022500233,2025-08-22T23:30:00+00:00,closed,ok,200,raw_data\pbp_2025\1146f4af-8af9-4447-97da-96ce6b61a481.json,
c033c39a-f504-457a-ac46-8c49ea427508,1022500232,2025-08-22T23:30:00+00:00,closed,ok,200,raw_data\pbp_2025\c033c39a-f504-457a-ac46-8c49ea427508.json,
545784f9-c706-42ad-9145-9424c6f683b3,1022500234,2025-08-23T02:00:00+00:00,closed,ok,200,raw_data\pbp_2025\545784f9-c706-42ad-9145-9424c6f683b3.json,
7ae48770-c55c-4f0a-af4c-c12583ea049f,1022500235,2025-08-23T18:00:00+00:00,closed,ok,200,raw_data\pbp_2025\7ae48770-c55c-4f0a-af4c-c12583ea049f.json,
b4e99a33-dd30-4a34-b2ac-fb606cbdb378,1022500236,2025-08-23T19:00:00+00:00,closed,ok,200,raw_data\pbp_2025\b4e99a33-dd30-4a34-b2ac-fb606cbdb378.json,
a1382913-f5c5-4721-9dee-4195779e9b68,1022500237,2025-08-23T20:00:00+00:00,closed,ok,200,raw_data\pbp_2025\a1382913-f5c5-4721-9dee-4195779e9b68.json,
bb8576ec-3270-4ee6-9d85-f37e6e502af7,1022500238,2025-08-24T19:00:00+00:00,closed,ok,200,raw_data\pbp_2025\bb8576ec-3270-4ee6-9d85-f37e6e502af7.json,
0962940f-0261-4fce-b716-3a16393d43b7,1022500239,2025-08-24T20:00:00+00:00,closed,ok,200,raw_data\pbp_2025\0962940f-0261-4fce-b716-3a16393d43b7.json,
dbd3b99e-a600-4ca7-96e5-6a28e87a5b44,1022500240,2025-08-24T23:00:00+00:00,closed,ok,200,raw_data\pbp_2025\dbd3b99e-a600-4ca7-96e5-6a28e87a5b44.json,
b1c16ad6-2122-4340-859a-d8167bec0518,1022500241,2025-08-25T23:00:00+00:00,closed,ok,200,raw_data\pbp_2025\b1c16ad6-2122-4340-859a-d8167bec0518.json,
605469ad-b049-40a1-901e-e7506fba8fd2,1022500242,2025-08-26T00:00:00+00:00,closed,ok,200,raw_data\pbp_2025\605469ad-b049-40a1-901e-e7506fba8fd2.json,
ab22cb38-adf5-49e7-8d94-af37949f1527,1022500243,2025-08-26T23:00:00+00:00,closed,ok,200,raw_data\pbp_2025\ab22cb38-adf5-49e7-8d94-af37949f1527.json,
07de9590-90f6-48b8-87d9-f4870dd9e369,1022500244,2025-08-27T02:00:00+00:00,closed,ok,200,raw_data\pbp_2025\07de9590-90f6-48b8-87d9-f4870dd9e369.json,
73346e21-9cac-4ec6-b33b-5475f90cc65d,1022500245,2025-08-27T23:30:00+00:00,closed,ok,200,raw_data\pbp_2025\73346e21-9cac-4ec6-b33b-5475f90cc65d.json,
467aedcd-fa42-4992-9a69-fce47d1ece15,1022500246,2025-08-28T00:00:00+00:00,closed,ok,200,raw_data\pbp_2025\467aedcd-fa42-4992-9a69-fce47d1ece15.json,
0293e78b-c940-41cf-a0cd-7e8477e22e8c,1022500247,2025-08-28T23:00:00+00:00,closed,ok,200,raw_data\pbp_2025\0293e78b-c940-41cf-a0cd-7e8477e22e8c.json,
5bd3c372-8440-42c1-890b-1f50980339f6,1022500248,2025-08-29T00:00:00+00:00,closed,ok,200,raw_data\pbp_2025\5bd3c372-8440-42c1-890b-1f50980339f6.json,
839042f6-f98f-4f3b-98fa-9fe9138ab502,1022500249,2025-08-29T02:00:00+00:00,closed,ok,200,raw_data\pbp_2025\839042f6-f98f-4f3b-98fa-9fe9138ab502.json,
6391d63f-5468-49cc-98d6-d6f2d7c9bc9a,1022500250,2025-08-29T23:30:00+00:00,closed,ok,200,raw_data\pbp_2025\6391d63f-5468-49cc-98d6-d6f2d7c9bc9a.json,
6d17df9c-9585-4b14-b1ab-7334c0443b45,1022500251,2025-08-30T02:00:00+00:00,closed,ok,200,raw_data\pbp_2025\6d17df9c-9585-4b14-b1ab-7334c0443b45.json,
f4a43e2c-aa5d-4868-a4ec-16ded7246011,1022500252,2025-08-30T23:00:00+00:00,closed,ok,200,raw_data\pbp_2025\f4a43e2c-aa5d-4868-a4ec-16ded7246011.json,
b3770461-6a18-42c3-a797-81fc86d542ba,1022500253,2025-08-31T00:30:00+00:00,closed,ok,200,raw_data\pbp_2025\b3770461-6a18-42c3-a797-81fc86d542ba.json,
f9f13a3c-2e9d-4f16-9b69-ae8ecde4a9f7,1022500254,2025-08-31T01:00:00+00:00,closed,ok,200,raw_data\pbp_2025\f9f13a3c-2e9d-4f16-9b69-ae8ecde4a9f7.json,
b8a9473b-b08f-4b3a-9a87-ddf2aa6fb0a7,1022500255,2025-08-31T02:00:00+00:00,closed,ok,200,raw_data\pbp_2025\b8a9473b-b08f-4b3a-9a87-ddf2aa6fb0a7.json,
eef5e74b-cdc8-45c9-b34e-c80089a44b6d,1022500256,2025-09-01T00:00:00+00:00,closed,ok,200,raw_data\pbp_2025\eef5e74b-cdc8-45c9-b34e-c80089a44b6d.json,
908cd927-f426-47f8-95c4-207b14d9de72,1022500257,2025-09-01T00:30:00+00:00,closed,ok,200,raw_data\pbp_2025\908cd927-f426-47f8-95c4-207b14d9de72.json,
229cd339-d841-43e9-8caf-50acf5713440,1022500258,2025-09-01T17:00:00+00:00,closed,ok,200,raw_data\pbp_2025\229cd339-d841-43e9-8caf-50acf5713440.json,
d781abdf-d0a8-43bb-8830-cc7ac2b713cf,1022500259,2025-09-02T00:00:00+00:00,closed,ok,200,raw_data\pbp_2025\d781abdf-d0a8-43bb-8830-cc7ac2b713cf.json,
7c219682-63ed-42c1-8555-c42addba3a67,1022500260,2025-09-02T02:00:00+00:00,closed,ok,200,raw_data\pbp_2025\7c219682-63ed-42c1-8555-c42addba3a67.json,
384c2c90-ef47-49cb-b607-d5752ff7bff9,1022500262,2025-09-03T02:00:00+00:00,closed,ok,200,raw_data\pbp_2025\384c2c90-ef47-49cb-b607-d5752ff7bff9.json,
86c4cd99-dcc3-4400-aa83-33d156304c10,1022500261,2025-09-03T02:00:00+00:00,closed,ok,200,raw_data\pbp_2025\86c4cd99-dcc3-4400-aa83-33d156304c10.json,
e83198ea-0baf-4a62-aaaa-8d6e6ff8cee7,1022500263,2025-09-03T23:30:00+00:00,closed,ok,200,raw_data\pbp_2025\e83198ea-0baf-4a62-aaaa-8d6e6ff8cee7.json,
2f5baf0d-dd06-464d-95dd-177924f443c9,1022500264,2025-09-04T00:00:00+00:00,closed,ok,200,raw_data\pbp_2025\2f5baf0d-dd06-464d-95dd-177924f443c9.json,
a5a85e15-27f1-40da-8969-5c14497c18ee,1022500265,2025-09-04T23:30:00+00:00,closed,ok,200,raw_data\pbp_2025\a5a85e15-27f1-40da-8969-5c14497c18ee.json,
b69d86fb-d73a-4b99-bec9-88e73e7ce25b,1022500266,2025-09-05T02:00:00+00:00,closed,ok,200,raw_data\pbp_2025\b69d86fb-d73a-4b99-bec9-88e73e7ce25b.json,
c65312de-0424-41f1-8439-c23a319d23ac,1022500267,2025-09-05T02:00:00+00:00,closed,ok,200,raw_data\pbp_2025\c65312de-0424-41f1-8439-c23a319d23ac.json,
1fbd18c4-cdc0-447c-b339-e189c095c217,1022500268,2025-09-05T23:30:00+00:00,closed,ok,200,raw_data\pbp_2025\1fbd18c4-cdc0-447c-b339-e189c095c217.json,
f9c188c7-35cd-436c-8d11-7f1b0131ba33,1022500269,2025-09-05T23:30:00+00:00,closed,ok,200,raw_data\pbp_2025\f9c188c7-35cd-436c-8d11-7f1b0131ba33.json,
1cf9c10b-f66e-464f-8cf5-6cb1f3ea43c6,1022500270,2025-09-06T02:00:00+00:00,closed,ok,200,raw_data\pbp_2025\1cf9c10b-f66e-464f-8cf5-6cb1f3ea43c6.json,
f0ccfa2d-7cf2-4828-a0e0-1495c228fdb2,1022500271,2025-09-06T17:00:00+00:00,closed,ok,200,raw_data\pbp_2025\f0ccfa2d-7cf2-4828-a0e0-1495c228fdb2.json,
421e879b-21e1-43a9-a641-5a1e5cb320a3,1022500272,2025-09-07T00:30:00+00:00,closed,ok,200,raw_data\pbp_2025\421e879b-21e1-43a9-a641-5a1e5cb320a3.json,
dc1cf6a2-4fd5-4b84-aab8-3d18b59e14a5,1022500273,2025-09-07T19:00:00+00:00,closed,ok,200,raw_data\pbp_2025\dc1cf6a2-4fd5-4b84-aab8-3d18b59e14a5.json,
8af5fca3-5db1-45d8-895e-c772b97241db,1022500274,2025-09-07T22:00:00+00:00,closed,ok,200,raw_data\pbp_2025\8af5fca3-5db1-45d8-895e-c772b97241db.json,
8fc361a1-ad32-4a5f-9f22-54d648200cb6,1022500275,2025-09-08T01:00:00+00:00,closed,ok,200,raw_data\pbp_2025\8fc361a1-ad32-4a5f-9f22-54d648200cb6.json,
066fe1b5-ac89-4da1-be0d-7a9f9c1ee193,1022500276,2025-09-08T23:30:00+00:00,closed,ok,200,raw_data\pbp_2025\066fe1b5-ac89-4da1-be0d-7a9f9c1ee193.json,
bf12976a-1b69-4b23-b6b9-9e4244ae6401,1022500277,2025-09-09T23:00:00+00:00,closed,ok,200,raw_data\pbp_2025\bf12976a-1b69-4b23-b6b9-9e4244ae6401.json,
31d89653-50a1-4688-b507-15c8e12dad33,1022500278,2025-09-09T23:30:00+00:00,closed,ok,200,raw_data\pbp_2025\31d89653-50a1-4688-b507-15c8e12dad33.json,
428eaadb-1bde-4aa3-85ad-6353e5c1f025,1022500280,2025-09-10T02:00:00+00:00,closed,ok,200,raw_data\pbp_2025\428eaadb-1bde-4aa3-85ad-6353e5c1f025.json,
ae5d8817-5152-45ff-a437-bd57cf3f5faa,1022500279,2025-09-10T02:00:00+00:00,closed,ok,200,raw_data\pbp_2025\ae5d8817-5152-45ff-a437-bd57cf3f5faa.json,
e9ff9be0-15cb-4e16-86a5-89be878b6745,1022500281,2025-09-10T02:00:00+00:00,closed,ok,200,raw_data\pbp_2025\e9ff9be0-15cb-4e16-86a5-89be878b6745.json,
1ecad64f-deda-4055-95e7-198f2df3fa68,1022500282,2025-09-10T23:00:00+00:00,closed,ok,200,raw_data\pbp_2025\1ecad64f-deda-4055-95e7-198f2df3fa68.json,
26dc7ac4-cdfa-4270-bdb1-394c4e513476,1022500285,2025-09-12T00:00:00+00:00,closed,ok,200,raw_data\pbp_2025\26dc7ac4-cdfa-4270-bdb1-394c4e513476.json,
93a98ff0-ed90-4c11-8f56-dfd70e55ed58,1022500284,2025-09-12T00:00:00+00:00,closed,ok,200,raw_data\pbp_2025\93a98ff0-ed90-4c11-8f56-dfd70e55ed58.json,
d15b970b-6606-4246-a924-bc903756c55f,1022500283,2025-09-12T00:00:00+00:00,closed,ok,200,raw_data\pbp_2025\d15b970b-6606-4246-a924-bc903756c55f.json,
1a0df56d-9b5f-4e53-9d8a-8b754f489bef,1022500286,2025-09-12T02:00:00+00:00,closed,ok,200,raw_data\pbp_2025\1a0df56d-9b5f-4e53-9d8a-8b754f489bef.json,
