season_year,player_id,team_id,assisted_fgm,ast,clutch_fga,clutch_tov,fga,fgm,three_pa,three_pm,tov,tov_3_second_violation,tov_back_court_violation,tov_bad_pass,tov_double_dribble,tov_kicked_ball_violation,tov_lane_violation,tov_lost_ball,tov_offensive_foul,tov_out_of_bounds,tov_palming,tov_traveling,tov_turnover,trans_fga,two_pa,two_pm,unassisted_fgm,zone_paint_att,zone_paint_made,zone_unknown_att,zone_unknown_made,three_rate,fta_rate,clutch_fga_share,trans_fga_share,ast_to_tov
2025,player_a_ja_wilson,LVA,239.0,122.0,21.0,3.0,627.0,332.0,59.0,25.0,87.0,2.0,1.0,24.0,1.0,0.0,0.0,16.0,16.0,22.0,0.0,5.0,0.0,48.0,568.0,307.0,93.0,338.0,173.0,289.0,159.0,0.09409888357256778,0.0,0.03349282296650718,0.07655502392344497,1.3863636363636365
2025,player_a_ja_wilson,a94924c8-9ca9-49aa-94f1-864f49c51a1c,1.0,2.0,0.0,0.0,4.0,2.0,2.0,0.0,2.0,0.0,0.0,1.0,0.0,0.0,0.0,0.0,0.0,1.0,0.0,0.0,0.0,0.0,2.0,2.0,1.0,0.0,0.0,4.0,2.0,0.5,0.0,0.0,0.0,0.6666666666666666
2025,player_aaliyah_edwards,CON,18.0,11.0,2.0,0.0,53.0,24.0,2.0,0.0,18.0,0.0,0.0,4.0,0.0,0.0,0.0,5.0,4.0,5.0,0.0,0.0,0.0,3.0,51.0,24.0,6.0,14.0,8.0,39.0,16.0,0.03773584905660377,0.0,0.03773584905660377,0.05660377358490566,0.5789473684210527
2025,player_aaliyah_edwards,WAS,35.0,9.0,6.0,1.0,85.0,45.0,7.0,0.0,23.0,1.0,1.0,4.0,0.0,0.0,0.0,7.0,5.0,3.0,0.0,2.0,0.0,8.0,78.0,45.0,10.0,31.0,18.0,54.0,27.0,0.08235294117647059,0.0,0.07058823529411765,0.09411764705882353,0.375
2025,player_aaliyah_nye,LVA,50.0,24.0,14.0,2.0,161.0,59.0,113.0,37.0,27.0,0.0,0.0,11.0,0.0,0.0,0.0,6.0,3.0,7.0,0.0,0.0,0.0,18.0,48.0,22.0,9.0,28.0,13.0,133.0,46.0,0.7018633540372671,0.0,0.08695652173913043,0.11180124223602485,0.8571428571428571
2025,player_aari_mcdonald,IND,33.0,94.0,10.0,1.0,148.0,66.0,77.0,24.0,46.0,0.0,0.0,22.0,0.0,0.0,0.0,5.0,4.0,11.0,0.0,2.0,2.0,25.0,71.0,42.0,33.0,25.0,12.0,123.0,54.0,0.5202702702702703,0.0,0.06756756756756757,0.16891891891891891,2.0
2025,player_aerial_powers,GSV,0.0,1.0,0.0,0.0,2.0,0.0,0.0,0.0,0.0,0.0,0.0,0.0,0.0,0.0,0.0,0.0,0.0,0.0,0.0,0.0,0.0,0.0,2.0,0.0,0.0,2.0,0.0,0.0,0.0,0.0,0.0,0.0,0.0,1.0
2025,player_aerial_powers,IND,13.0,19.0,3.0,1.0,57.0,27.0,18.0,7.0,11.0,0.0,0.0,5.0,0.0,0.0,0.0,1.0,1.0,3.0,0.0,1.0,0.0,8.0,39.0,20.0,14.0,14.0,7.0,43.0,20.0,0.3157894736842105,0.0,0.05263157894736842,0.14035087719298245,1.5833333333333333
2025,player_alanna_smith,MIN,145.0,121.0,10.0,2.0,319.0,160.0,160.0,53.0,65.0,0.0,1.0,22.0,0.0,0.0,0.0,9.0,12.0,15.0,0.0,6.0,0.0,42.0,159.0,107.0,15.0,32.0,20.0,287.0,140.0,0.5015673981191222,0.0,0.03134796238244514,0.13166144200626959,1.8333333333333333
2025,player_alexis_prince,PHX,1.0,1.0,2.0,0.0,3.0,1.0,1.0,0.0,3.0,0.0,0.0,2.0,0.0,0.0,0.0,0.0,1.0,0.0,0.0,0.0,0.0,0.0,2.0,1.0,0.0,1.0,1.0,2.0,0.0,0.3333333333333333,0.0,0.6666666666666666,0.0,0.25
2025,player_alissa_pili,LAS,3.0,0.0,1.0,0.0,6.0,3.0,1.0,0.0,1.0,0.0,0.0,0.0,0.0,0.0,0.0,0.0,0.0,1.0,0.0,0.0,0.0,1.0,5.0,3.0,0.0,0.0,0.0,6.0,3.0,0.16666666666666666,0.0,0.16666666666666666,0.16666666666666666,0.0
2025,player_alissa_pili,MIN,8.0,3.0,1.0,1.0,19.0,10.0,11.0,4.0,7.0,0.0,0.0,3.0,0.0,0.0,0.0,1.0,2.0,1.0,0.0,0.0,0.0,1.0,8.0,6.0,2.0,0.0,0.0,19.0,10.0,0.5789473684210527,0.0,0.05263157894736842,0.05263157894736842,0.375
2025,player_aliyah_boston,IND,187.0,163.0,20.0,1.0,465.0,271.0,29.0,6.0,81.0,1.0,0.0,20.0,0.0,0.0,0.0,11.0,25.0,16.0,0.0,8.0,0.0,12.0,436.0,265.0,84.0,188.0,102.0,277.0,169.0,0.06236559139784946,0.0,0.043010752688172046,0.025806451612903226,1.9878048780487805
2025,player_aliyah_boston,a94924c8-9ca9-49aa-94f1-864f49c51a1c,4.0,2.0,0.0,0.0,7.0,4.0,4.0,1.0,0.0,0.0,0.0,0.0,0.0,0.0,0.0,0.0,0.0,0.0,0.0,0.0,0.0,1.0,3.0,3.0,0.0,0.0,0.0,7.0,4.0,0.5714285714285714,0.0,0.0,0.14285714285714285,2.0
2025,player_allisha_gray,ATL,185.0,147.0,14.0,4.0,514.0,246.0,252.0,98.0,74.0,0.0,0.0,29.0,0.0,0.0,0.0,20.0,4.0,16.0,1.0,4.0,0.0,80.0,262.0,148.0,61.0,112.0,55.0,402.0,191.0,0.490272373540856,0.0,0.027237354085603113,0.1556420233463035,1.96
2025,player_allisha_gray,bffa4df2-c1b7-4ef4-b3d5-d5cc26df350f,3.0,2.0,0.0,0.0,12.0,5.0,12.0,5.0,0.0,0.0,0.0,0.0,0.0,0.0,0.0,0.0,0.0,0.0,0.0,0.0,0.0,2.0,0.0,0.0,2.0,0.0,0.0,12.0,5.0,1.0,0.0,0.0,0.16666666666666666,2.0
2025,player_alysha_clark,SEA,31.0,28.0,2.0,1.0,90.0,34.0,55.0,16.0,17.0,0.0,0.0,5.0,0.0,0.0,0.0,3.0,6.0,1.0,0.0,1.0,1.0,11.0,35.0,18.0,3.0,18.0,8.0,72.0,26.0,0.6111111111111112,0.0,0.022222222222222223,0.12222222222222222,1.5555555555555556
2025,player_alysha_clark,WAS,22.0,23.0,4.0,0.0,67.0,25.0,41.0,10.0,5.0,0.0,0.0,2.0,0.0,0.0,0.0,0.0,2.0,1.0,0.0,0.0,0.0,7.0,26.0,15.0,3.0,8.0,7.0,59.0,18.0,0.6119402985074627,0.0,0.05970149253731343,0.1044776119402985,3.8333333333333335
2025,player_alyssa_thomas,PHX,123.0,356.0,14.0,8.0,423.0,241.0,6.0,0.0,135.0,0.0,0.0,41.0,0.0,0.0,0.0,19.0,22.0,49.0,0.0,4.0,0.0,63.0,417.0,241.0,117.0,228.0,118.0,195.0,123.0,0.014184397163120567,0.0,0.03309692671394799,0.14893617021276595,2.6176470588235294
2025,player_alyssa_thomas,bffa4df2-c1b7-4ef4-b3d5-d5cc26df350f,1.0,4.0,0.0,0.0,4.0,3.0,0.0,0.0,2.0,0.0,0.0,2.0,0.0,0.0,0.0,0.0,0.0,0.0,0.0,0.0,0.0,0.0,4.0,3.0,2.0,0.0,0.0,4.0,3.0,0.0,0.0,0.0,0.0,1.3333333333333333
2025,player_amy_okonkwo,DAL,25.0,6.0,2.0,1.0,59.0,30.0,30.0,10.0,7.0,0.0,0.0,2.0,0.0,0.0,0.0,1.0,3.0,0.0,0.0,1.0,0.0,11.0,29.0,20.0,5.0,17.0,9.0,42.0,21.0,0.5084745762711864,0.0,0.03389830508474576,0.1864406779661017,0.75
2025,player_aneesah_morrow,CON,68.0,21.0,15.0,5.0,271.0,112.0,75.0,18.0,45.0,1.0,1.0,17.0,2.0,0.0,0.0,12.0,2.0,10.0,0.0,0.0,0.0,15.0,196.0,94.0,44.0,71.0,28.0,200.0,84.0,0.2767527675276753,0.0,0.055350553505535055,0.055350553505535055,0.45652173913043476
2025,player_angel_reese,CHI,93.0,110.0,16.0,5.0,274.0,153.0,22.0,4.0,118.0,2.0,0.0,43.0,0.0,0.0,0.0,26.0,19.0,18.0,0.0,9.0,1.0,33.0,252.0,149.0,60.0,82.0,41.0,192.0,112.0,0.08029197080291971,0.0,0.058394160583941604,0.12043795620437957,0.9243697478991597
2025,player_angel_reese,bffa4df2-c1b7-4ef4-b3d5-d5cc26df350f,3.0,2.0,0.0,0.0,7.0,3.0,1.0,0.0,1.0,0.0,0.0,1.0,0.0,0.0,0.0,0.0,0.0,0.0,0.0,0.0,0.0,1.0,6.0,3.0,0.0,0.0,0.0,7.0,3.0,0.14285714285714285,0.0,0.0,0.14285714285714285,1.0
2025,player_ariel_atkins,CHI,86.0,122.0,22.0,4.0,348.0,162.0,118.0,43.0,84.0,0.0,1.0,50.0,0.0,0.0,0.0,10.0,8.0,13.0,0.0,2.0,0.0,40.0,230.0,119.0,76.0,82.0,44.0,266.0,118.0,0.3390804597701149,0.0,0.06321839080459771,0.11494252873563218,1.4352941176470588
2025,player_arike_ogunbowale,DAL,84.0,120.0,16.0,6.0,393.0,147.0,158.0,48.0,60.0,0.0,0.0,33.0,0.0,0.0,0.0,5.0,14.0,8.0,0.0,0.0,0.0,58.0,235.0,99.0,63.0,88.0,40.0,305.0,107.0,0.4020356234096692,0.0,0.04071246819338423,0.1475826972010178,1.9672131147540983
2025,player_aziaha_james,DAL,62.0,59.0,22.0,0.0,273.0,106.0,111.0,32.0,38.0,0.0,0.0,15.0,2.0,0.0,0.0,10.0,1.0,7.0,0.0,3.0,0.0,42.0,162.0,74.0,44.0,77.0,37.0,196.0,69.0,0.4065934065934066,0.0,0.08058608058608059,0.15384615384615385,1.5128205128205128
2025,player_azura_stevens,LAS,160.0,94.0,15.0,1.0,403.0,204.0,194.0,74.0,64.0,0.0,2.0,27.0,0.0,0.0,1.0,8.0,5.0,18.0,0.0,3.0,0.0,38.0,209.0,130.0,44.0,74.0,37.0,329.0,167.0,0.4813895781637717,0.0,0.03722084367245657,0.09429280397022333,1.4461538461538461
2025,player_breanna_stewart,NYL,147.0,108.0,11.0,4.0,384.0,188.0,86.0,21.0,60.0,0.0,2.0,19.0,0.0,0.0,0.0,17.0,7.0,11.0,0.0,4.0,0.0,59.0,298.0,167.0,41.0,158.0,80.0,226.0,108.0,0.22395833333333334,0.0,0.028645833333333332,0.15364583333333334,1.7704918032786885
2025,player_breanna_stewart,bffa4df2-c1b7-4ef4-b3d5-d5cc26df350f,4.0,2.0,1.0,1.0,8.0,4.0,2.0,0.0,1.0,0.0,0.0,1.0,0.0,0.0,0.0,0.0,0.0,0.0,0.0,0.0,0.0,1.0,6.0,4.0,0.0,1.0,0.0,7.0,4.0,0.25,0.0,0.125,0.125,1.0
2025,player_bree_hall,GSV,1.0,0.0,2.0,2.0,3.0,1.0,2.0,0.0,3.0,0.0,0.0,0.0,0.0,0.0,0.0,2.0,0.0,0.0,0.0,1.0,0.0,1.0,1.0,1.0,0.0,0.0,0.0,3.0,1.0,0.6666666666666666,0.0,0.6666666666666666,0.3333333333333333,0.0
2025,player_bree_hall,IND,0.0,0.0,1.0,0.0,1.0,0.0,0.0,0.0,0.0,0.0,0.0,0.0,0.0,0.0,0.0,0.0,0.0,0.0,0.0,0.0,0.0,0.0,1.0,0.0,0.0,0.0,0.0,1.0,0.0,0.0,0.0,1.0,0.0,0.0
2025,player_bria_hartley,CON,49.0,117.0,17.0,1.0,269.0,106.0,145.0,54.0,69.0,0.0,1.0,29.0,1.0,0.0,0.0,11.0,7.0,16.0,0.0,4.0,0.0,43.0,124.0,52.0,57.0,39.0,10.0,230.0,96.0,0.5390334572490706,0.0,0.06319702602230483,0.15985130111524162,1.6714285714285715
2025,player_brianna_turner,IND,11.0,17.0,4.0,0.0,30.0,13.0,1.0,0.0,9.0,0.0,0.0,5.0,0.0,0.0,0.0,2.0,1.0,1.0,0.0,0.0,0.0,1.0,29.0,13.0,2.0,3.0,3.0,27.0,10.0,0.03333333333333333,0.0,0.13333333333333333,0.03333333333333333,1.7
2025,player_bridget_carleton,MIN,91.0,89.0,6.0,2.0,247.0,102.0,169.0,63.0,33.0,0.0,1.0,12.0,0.0,0.0,0.0,7.0,4.0,6.0,0.0,3.0,0.0,34.0,78.0,39.0,11.0,27.0,11.0,220.0,91.0,0.6842105263157895,0.0,0.024291497975708502,0.13765182186234817,2.6176470588235294
2025,player_brionna_jones,ATL,168.0,95.0,10.0,4.0,387.0,225.0,46.0,12.0,64.0,0.0,0.0,13.0,0.0,0.0,0.0,17.0,15.0,7.0,0.0,12.0,0.0,13.0,341.0,213.0,57.0,109.0,61.0,278.0,164.0,0.11886304909560723,0.0,0.025839793281653745,0.03359173126614987,1.4615384615384615
2025,player_brionna_jones,a94924c8-9ca9-49aa-94f1-864f49c51a1c,3.0,3.0,0.0,0.0,6.0,5.0,1.0,1.0,0.0,0.0,0.0,0.0,0.0,0.0,0.0,0.0,0.0,0.0,0.0,0.0,0.0,0.0,5.0,4.0,2.0,1.0,0.0,5.0,5.0,0.16666666666666666,0.0,0.0,0.0,3.0
2025,player_brittney_griner,ATL,128.0,33.0,10.0,2.0,291.0,156.0,19.0,5.0,59.0,3.0,0.0,12.0,1.0,0.0,0.0,7.0,27.0,5.0,0.0,4.0,0.0,4.0,272.0,151.0,28.0,126.0,66.0,165.0,90.0,0.06529209621993128,0.0,0.03436426116838488,0.013745704467353952,0.55
2025,player_brittney_sykes,SEA,26.0,46.0,11.0,1.0,130.0,54.0,36.0,10.0,30.0,0.0,0.0,17.0,0.0,0.0,0.0,5.0,0.0,4.0,0.0,3.0,1.0,23.0,94.0,44.0,28.0,34.0,15.0,96.0,39.0,0.27692307692307694,0.0,0.08461538461538462,0.17692307692307693,1.4838709677419355
2025,player_brittney_sykes,WAS,65.0,109.0,21.0,5.0,299.0,120.0,66.0,21.0,68.0,0.0,0.0,27.0,1.0,0.0,0.0,11.0,5.0,23.0,0.0,1.0,0.0,53.0,233.0,99.0,55.0,90.0,33.0,209.0,87.0,0.22073578595317725,0.0,0.07023411371237458,0.17725752508361203,1.5797101449275361
2025,player_brittney_sykes,a94924c8-9ca9-49aa-94f1-864f49c51a1c,2.0,7.0,3.0,0.0,18.0,8.0,9.0,0.0,2.0,0.0,0.0,0.0,0.0,0.0,0.0,0.0,0.0,2.0,0.0,0.0,0.0,1.0,9.0,8.0,6.0,1.0,1.0,17.0,7.0,0.5,0.0,0.16666666666666666,0.05555555555555555,2.3333333333333335
2025,player_caitlin_clark,IND,20.0,115.0,10.0,2.0,187.0,72.0,104.0,29.0,66.0,0.0,1.0,27.0,0.0,0.0,0.0,16.0,2.0,16.0,0.0,4.0,0.0,23.0,83.0,43.0,52.0,27.0,18.0,160.0,54.0,0.5561497326203209,0.0,0.053475935828877004,0.12299465240641712,1.7164179104477613
2025,player_cameron_brink,LAS,25.0,9.0,1.0,0.0,75.0,35.0,34.0,10.0,25.0,0.0,0.0,6.0,0.0,0.0,0.0,7.0,8.0,3.0,0.0,1.0,0.0,1.0,41.0,25.0,10.0,15.0,6.0,60.0,29.0,0.4533333333333333,0.0,0.013333333333333334,0.013333333333333334,0.34615384615384615
2025,player_camryn_taylor,MIN,0.0,1.0,2.0,1.0,6.0,1.0,3.0,1.0,3.0,0.0,0.0,1.0,0.0,0.0,0.0,1.0,1.0,0.0,0.0,0.0,0.0,0.0,3.0,0.0,0.0,1.0,0.0,5.0,1.0,0.5,0.0,0.3333333333333333,0.0,0.25
2025,player_carla_leite,GSV,44.0,75.0,6.0,1.0,206.0,86.0,72.0,13.0,57.0,0.0,1.0,29.0,0.0,0.0,0.0,8.0,1.0,14.0,0.0,3.0,1.0,21.0,134.0,73.0,42.0,75.0,45.0,131.0,41.0,0.34951456310679613,0.0,0.02912621359223301,0.10194174757281553,1.293103448275862
2025,player_cecilia_zandalasini,GSV,45.0,32.0,11.0,1.0,147.0,67.0,90.0,37.0,25.0,0.0,0.0,9.0,0.0,0.0,0.0,11.0,1.0,3.0,0.0,1.0,0.0,12.0,57.0,30.0,22.0,23.0,11.0,124.0,56.0,0.6122448979591837,0.0,0.07482993197278912,0.08163265306122448,1.2307692307692308
2025,player_chelsea_gray,LVA,88.0,239.0,18.0,6.0,377.0,169.0,171.0,63.0,125.0,0.0,0.0,59.0,1.0,0.0,0.0,15.0,8.0,39.0,0.0,3.0,0.0,33.0,206.0,106.0,81.0,84.0,44.0,293.0,125.0,0.4535809018567639,0.0,0.04774535809018567,0.08753315649867374,1.8968253968253967
2025,player_cheyenne_parker_tyus,LVA,5.0,0.0,0.0,0.0,8.0,5.0,2.0,1.0,1.0,0.0,0.0,1.0,0.0,0.0,0.0,0.0,0.0,0.0,0.0,0.0,0.0,1.0,6.0,4.0,0.0,3.0,2.0,5.0,3.0,0.25,0.0,0.0,0.125,0.0
2025,player_chloe_bibby,GSV,10.0,3.0,3.0,0.0,26.0,11.0,19.0,8.0,0.0,0.0,0.0,0.0,0.0,0.0,0.0,0.0,0.0,0.0,0.0,0.0,0.0,2.0,7.0,3.0,1.0,2.0,2.0,24.0,9.0,0.7307692307692307,0.0,0.11538461538461539,0.07692307692307693,3.0
2025,player_chloe_bibby,IND,10.0,4.0,0.0,1.0,27.0,10.0,23.0,9.0,7.0,0.0,0.0,4.0,0.0,0.0,0.0,1.0,1.0,1.0,0.0,0.0,0.0,3.0,4.0,1.0,0.0,1.0,0.0,26.0,10.0,0.8518518518518519,0.0,0.0,0.1111111111111111,0.5
2025,player_christyn_williams,DAL,3.0,3.0,2.0,0.0,15.0,6.0,4.0,1.0,1.0,0.0,0.0,1.0,0.0,0.0,0.0,0.0,0.0,0.0,0.0,0.0,0.0,1.0,11.0,5.0,3.0,8.0,3.0,7.0,3.0,0.26666666666666666,0.0,0.13333333333333333,0.06666666666666667,1.5
2025,player_courtney_vandersloot,CHI,15.0,37.0,4.0,1.0,58.0,29.0,23.0,5.0,17.0,0.0,0.0,5.0,0.0,0.0,0.0,5.0,0.0,5.0,0.0,1.0,1.0,6.0,35.0,24.0,14.0,14.0,10.0,44.0,19.0,0.39655172413793105,0.0,0.06896551724137931,0.10344827586206896,2.0555555555555554
2025,player_courtney_williams,MIN,116.0,271.0,21.0,4.0,565.0,248.0,147.0,58.0,101.0,0.0,2.0,53.0,1.0,0.0,0.0,13.0,4.0,26.0,0.0,2.0,0.0,90.0,418.0,190.0,132.0,71.0,36.0,494.0,212.0,0.26017699115044246,0.0,0.03716814159292035,0.1592920353982301,2.656862745098039
2025,player_courtney_williams,bffa4df2-c1b7-4ef4-b3d5-d5cc26df350f,3.0,5.0,1.0,1.0,9.0,5.0,4.0,3.0,1.0,0.0,0.0,0.0,0.0,0.0,0.0,0.0,0.0,1.0,0.0,0.0,0.0,2.0,5.0,2.0,2.0,1.0,1.0,8.0,4.0,0.4444444444444444,0.0,0.1111111111111111,0.2222222222222222,2.5
2025,player_crystal_bradford,LVA,0.0,1.0,0.0,0.0,6.0,2.0,2.0,0.0,1.0,0.0,0.0,0.0,0.0,0.0,0.0,0.0,0.0,1.0,0.0,0.0,0.0,0.0,4.0,2.0,2.0,2.0,1.0,4.0,1.0,0.3333333333333333,0.0,0.0,0.0,0.5
2025,player_damiris_dantas,IND,51.0,25.0,15.0,0.0,171.0,63.0,95.0,25.0,29.0,0.0,0.0,12.0,0.0,0.0,1.0,4.0,7.0,3.0,0.0,2.0,0.0,4.0,76.0,38.0,12.0,37.0,16.0,134.0,47.0,0.5555555555555556,0.0,0.08771929824561403,0.023391812865497075,0.8333333333333334
2025,player_dana_evans,LVA,44.0,96.0,15.0,4.0,260.0,107.0,99.0,37.0,37.0,0.0,1.0,24.0,0.0,0.0,0.0,3.0,0.0,8.0,0.0,1.0,0.0,24.0,161.0,70.0,63.0,91.0,35.0,169.0,72.0,0.38076923076923075,0.0,0.057692307692307696,0.09230769230769231,2.526315789473684
2025,player_dearica_hamby,LAS,247.0,144.0,20.0,6.0,491.0,324.0,53.0,15.0,117.0,1.0,1.0,42.0,0.0,0.0,0.0,24.0,14.0,28.0,0.0,7.0,0.0,57.0,438.0,309.0,77.0,156.0,79.0,335.0,245.0,0.1079429735234216,0.0,0.04073319755600815,0.11608961303462322,1.2203389830508475
2025,player_dewanna_bonner,IND,13.0,14.0,3.0,1.0,50.0,19.0,24.0,9.0,10.0,0.0,0.0,5.0,0.0,0.0,0.0,2.0,0.0,2.0,0.0,0.0,1.0,6.0,26.0,10.0,6.0,5.0,2.0,45.0,17.0,0.48,0.0,0.06,0.12,1.2727272727272727
2025,player_dewanna_bonner,PHX,71.0,24.0,10.0,0.0,189.0,86.0,91.0,31.0,18.0,0.0,0.0,5.0,0.0,0.0,0.0,4.0,0.0,9.0,0.0,0.0,0.0,19.0,98.0,55.0,15.0,33.0,14.0,156.0,72.0,0.48148148148148145,0.0,0.05291005291005291,0.10052910052910052,1.263157894736842
2025,player_diamond_miller,DAL,11.0,16.0,10.0,0.0,65.0,24.0,24.0,3.0,14.0,0.0,0.0,3.0,0.0,0.0,0.0,5.0,2.0,4.0,0.0,0.0,0.0,11.0,41.0,21.0,13.0,25.0,11.0,40.0,13.0,0.36923076923076925,0.0,0.15384615384615385,0.16923076923076924,1.0666666666666667
2025,player_diamond_miller,MIN,26.0,15.0,4.0,1.0,58.0,30.0,26.0,14.0,20.0,0.0,0.0,3.0,0.0,0.0,0.0,5.0,4.0,7.0,0.0,1.0,0.0,7.0,32.0,16.0,4.0,9.0,3.0,49.0,27.0,0.4482758620689655,0.0,0.06896551724137931,0.1206896551724138,0.7142857142857143
2025,player_dijonai_carrington,DAL,45.0,36.0,9.0,4.0,181.0,74.0,45.0,13.0,49.0,0.0,1.0,29.0,0.0,0.0,0.0,9.0,2.0,8.0,0.0,0.0,0.0,31.0,136.0,61.0,29.0,70.0,27.0,111.0,47.0,0.24861878453038674,0.0,0.049723756906077346,0.1712707182320442,0.72
2025,player_dijonai_carrington,MIN,28.0,12.0,0.0,1.0,63.0,33.0,21.0,10.0,10.0,0.0,0.0,5.0,0.0,0.0,0.0,2.0,0.0,3.0,0.0,0.0,0.0,13.0,42.0,23.0,5.0,20.0,11.0,43.0,22.0,0.3333333333333333,0.0,0.0,0.20634920634920634,1.0909090909090908
2025,player_dominique_malonga,SEA,122.0,36.0,13.0,2.0,233.0,145.0,18.0,4.0,48.0,3.0,0.0,14.0,0.0,0.0,1.0,5.0,8.0,7.0,0.0,10.0,0.0,27.0,215.0,141.0,23.0,100.0,54.0,133.0,91.0,0.07725321888412018,0.0,0.055793991416309016,0.11587982832618025,0.7346938775510204
2025,player_elizabeth_kitley,LVA,4.0,1.0,1.0,0.0,19.0,7.0,1.0,0.0,7.0,0.0,0.0,2.0,0.0,0.0,0.0,0.0,4.0,1.0,0.0,0.0,0.0,3.0,18.0,7.0,3.0,11.0,5.0,8.0,2.0,0.05263157894736842,0.0,0.05263157894736842,0.15789473684210525,0.125
2025,player_elizabeth_williams,CHI,120.0,78.0,8.0,1.0,288.0,157.0,0.0,0.0,56.0,0.0,0.0,23.0,0.0,0.0,0.0,11.0,7.0,10.0,0.0,5.0,0.0,12.0,288.0,157.0,37.0,129.0,54.0,159.0,103.0,0.0,0.0,0.027777777777777776,0.041666666666666664,1.368421052631579
2025,player_emily_engstler,WAS,37.0,58.0,9.0,2.0,131.0,53.0,63.0,16.0,38.0,0.0,0.0,14.0,0.0,0.0,0.0,3.0,6.0,12.0,0.0,1.0,2.0,10.0,68.0,37.0,16.0,30.0,10.0,101.0,43.0,0.48091603053435117,0.0,0.06870229007633588,0.07633587786259542,1.4871794871794872
2025,player_emma_cannon,LAS,29.0,8.0,3.0,2.0,60.0,32.0,36.0,14.0,16.0,0.0,0.0,3.0,0.0,0.0,0.0,2.0,7.0,2.0,0.0,2.0,0.0,4.0,24.0,18.0,3.0,7.0,6.0,53.0,26.0,0.6,0.0,0.05,0.06666666666666667,0.47058823529411764
2025,player_emma_meesseman,NYL,78.0,54.0,1.0,1.0,152.0,91.0,21.0,14.0,36.0,0.0,0.0,14.0,0.0,0.0,0.0,8.0,5.0,5.0,0.0,4.0,0.0,6.0,131.0,77.0,13.0,68.0,42.0,84.0,49.0,0.13815789473684212,0.0,0.006578947368421052,0.039473684210526314,1.4594594594594594
2025,player_erica_wheeler,SEA,90.0,144.0,42.0,4.0,405.0,168.0,202.0,76.0,68.0,0.0,0.0,36.0,1.0,0.0,0.0,7.0,2.0,16.0,0.0,5.0,1.0,44.0,203.0,92.0,78.0,83.0,37.0,322.0,131.0,0.49876543209876545,0.0,0.1037037037037037,0.10864197530864197,2.0869565217391304
2025,player_ezi_magbegor,SEA,113.0,92.0,6.0,0.0,257.0,141.0,48.0,14.0,43.0,1.0,0.0,13.0,0.0,0.0,0.0,5.0,11.0,9.0,0.0,4.0,0.0,22.0,209.0,127.0,28.0,91.0,46.0,166.0,95.0,0.1867704280155642,0.0,0.023346303501945526,0.08560311284046693,2.090909090909091
2025,player_gabby_williams,SEA,112.0,185.0,15.0,6.0,449.0,198.0,162.0,50.0,84.0,0.0,0.0,44.0,0.0,0.0,0.0,16.0,4.0,18.0,0.0,2.0,0.0,81.0,287.0,148.0,86.0,112.0,46.0,337.0,152.0,0.36080178173719374,0.0,0.0334075723830735,0.18040089086859687,2.176470588235294
2025,player_gabby_williams,a94924c8-9ca9-49aa-94f1-864f49c51a1c,4.0,5.0,2.0,0.0,11.0,5.0,10.0,4.0,1.0,0.0,0.0,0.0,0.0,0.0,0.0,0.0,0.0,1.0,0.0,0.0,0.0,3.0,1.0,1.0,1.0,0.0,0.0,11.0,5.0,0.9090909090909091,0.0,0.18181818181818182,0.2727272727272727,2.5
2025,player_grace_berger,DAL,12.0,57.0,3.0,2.0,78.0,26.0,20.0,2.0,18.0,0.0,0.0,8.0,0.0,0.0,0.0,2.0,2.0,6.0,0.0,0.0,0.0,7.0,58.0,24.0,14.0,31.0,15.0,47.0,11.0,0.2564102564102564,0.0,0.038461538461538464,0.08974358974358974,3.0
2025,player_grace_berger,LAS,0.0,1.0,0.0,0.0,3.0,0.0,2.0,0.0,3.0,0.0,0.0,2.0,0.0,0.0,0.0,0.0,0.0,1.0,0.0,0.0,0.0,0.0,1.0,0.0,0.0,0.0,0.0,3.0,0.0,0.6666666666666666,0.0,0.0,0.0,0.25
2025,player_hailey_van_lith,CHI,19.0,45.0,14.0,2.0,100.0,37.0,29.0,5.0,36.0,0.0,1.0,20.0,0.0,0.0,0.0,3.0,1.0,9.0,0.0,2.0,0.0,7.0,71.0,32.0,18.0,26.0,12.0,74.0,25.0,0.29,0.0,0.14,0.07,1.2162162162162162
2025,player_haley_jones,DAL,59.0,60.0,11.0,0.0,158.0,81.0,37.0,11.0,46.0,0.0,1.0,16.0,0.0,0.0,0.0,9.0,7.0,10.0,0.0,3.0,0.0,18.0,121.0,70.0,22.0,66.0,35.0,92.0,46.0,0.23417721518987342,0.0,0.06962025316455696,0.11392405063291139,1.2765957446808511
2025,player_haley_jones,PHX,2.0,4.0,0.0,0.0,11.0,4.0,2.0,1.0,2.0,0.0,0.0,0.0,0.0,0.0,0.0,0.0,1.0,1.0,0.0,0.0,0.0,2.0,9.0,3.0,2.0,5.0,1.0,6.0,3.0,0.18181818181818182,0.0,0.0,0.18181818181818182,1.3333333333333333
2025,player_haley_peters,CON,22.0,25.0,3.0,0.0,76.0,25.0,39.0,8.0,22.0,0.0,0.0,8.0,0.0,0.0,0.0,2.0,6.0,3.0,0.0,3.0,0.0,8.0,37.0,17.0,3.0,15.0,5.0,61.0,20.0,0.5131578947368421,0.0,0.039473684210526314,0.10526315789473684,1.0869565217391304
2025,player_iliana_rupert,GSV,65.0,33.0,11.0,1.0,144.0,67.0,103.0,46.0,20.0,0.0,0.0,6.0,0.0,0.0,0.0,2.0,8.0,1.0,0.0,3.0,0.0,5.0,41.0,21.0,2.0,20.0,11.0,124.0,56.0,0.7152777777777778,0.0,0.0763888888888889,0.034722222222222224,1.5714285714285714
2025,player_isabelle_harrison,NYL,45.0,24.0,16.0,2.0,121.0,65.0,15.0,4.0,23.0,0.0,0.0,5.0,0.0,1.0,0.0,7.0,5.0,3.0,0.0,2.0,0.0,6.0,106.0,61.0,20.0,54.0,28.0,67.0,37.0,0.12396694214876033,0.0,0.1322314049586777,0.049586776859504134,1.0
2025,player_jackie_young,LVA,127.0,226.0,25.0,7.0,532.0,260.0,221.0,80.0,98.0,1.0,1.0,43.0,0.0,0.0,0.0,18.0,8.0,22.0,0.0,5.0,0.0,78.0,311.0,180.0,133.0,202.0,110.0,330.0,150.0,0.41541353383458646,0.0,0.046992481203007516,0.14661654135338345,2.282828282828283
2025,player_jacy_sheldon,CON,57.0,55.0,9.0,1.0,160.0,79.0,83.0,35.0,30.0,0.0,0.0,19.0,0.0,0.0,0.0,3.0,1.0,6.0,0.0,1.0,0.0,31.0,77.0,44.0,22.0,20.0,7.0,140.0,72.0,0.51875,0.0,0.05625,0.19375,1.7741935483870968
2025,player_jacy_sheldon,WAS,3.0,1.0,0.0,0.0,9.0,4.0,6.0,1.0,1.0,0.0,0.0,1.0,0.0,0.0,0.0,0.0,0.0,0.0,0.0,0.0,0.0,5.0,3.0,3.0,1.0,2.0,2.0,7.0,2.0,0.6666666666666666,0.0,0.0,0.5555555555555556,0.5
2025,player_jade_melbourne,WAS,53.0,124.0,9.0,3.0,213.0,90.0,95.0,26.0,72.0,0.0,0.0,31.0,0.0,0.0,0.0,12.0,3.0,20.0,0.0,6.0,0.0,19.0,118.0,64.0,37.0,48.0,26.0,165.0,64.0,0.4460093896713615,0.0,0.04225352112676056,0.0892018779342723,1.6986301369863013
2025,player_jaelyn_brown,CON,12.0,1.0,3.0,1.0,37.0,14.0,18.0,8.0,5.0,0.0,0.0,2.0,0.0,0.0,0.0,3.0,0.0,0.0,0.0,0.0,0.0,6.0,19.0,6.0,2.0,4.0,0.0,33.0,14.0,0.4864864864864865,0.0,0.08108108108108109,0.16216216216216217,0.16666666666666666
2025,player_janelle_sala_n,GSV,122.0,43.0,18.0,1.0,355.0,147.0,171.0,63.0,53.0,0.0,1.0,18.0,0.0,0.0,0.0,13.0,6.0,5.0,0.0,9.0,1.0,18.0,184.0,84.0,25.0,53.0,22.0,302.0,125.0,0.48169014084507045,0.0,0.05070422535211268,0.05070422535211268,0.7962962962962963
2025,player_jaylyn_sherrod,MIN,2.0,2.0,2.0,0.0,6.0,3.0,2.0,0.0,1.0,0.0,0.0,1.0,0.0,0.0,0.0,0.0,0.0,0.0,0.0,0.0,0.0,0.0,4.0,3.0,1.0,2.0,2.0,4.0,1.0,0.3333333333333333,0.0,0.3333333333333333,0.0,1.0
2025,player_jaylyn_sherrod,NYL,4.0,10.0,5.0,4.0,17.0,6.0,10.0,3.0,11.0,0.0,0.0,3.0,0.0,0.0,0.0,1.0,1.0,5.0,0.0,1.0,0.0,2.0,7.0,3.0,2.0,2.0,0.0,15.0,6.0,0.5882352941176471,0.0,0.29411764705882354,0.11764705882352941,0.8333333333333334
2025,player_jessica_shepard,MIN,85.0,103.0,8.0,0.0,189.0,132.0,1.0,0.0,58.0,0.0,0.0,14.0,0.0,0.0,0.0,11.0,8.0,15.0,0.0,10.0,0.0,23.0,188.0,132.0,44.0,54.0,32.0,135.0,100.0,0.005291005291005291,0.0,0.042328042328042326,0.12169312169312169,1.7457627118644068
2025,player_jewell_loyd,LVA,132.0,81.0,17.0,1.0,414.0,166.0,261.0,100.0,53.0,0.0,1.0,20.0,0.0,1.0,0.0,12.0,7.0,10.0,0.0,1.0,1.0,50.0,153.0,66.0,34.0,68.0,33.0,346.0,133.0,0.6304347826086957,0.0,0.04106280193236715,0.12077294685990338,1.5
2025,player_jj_quinerly,DAL,44.0,78.0,14.0,3.0,167.0,80.0,53.0,21.0,52.0,0.0,1.0,23.0,0.0,0.0,0.0,10.0,1.0,11.0,1.0,4.0,1.0,24.0,114.0,59.0,36.0,58.0,24.0,109.0,56.0,0.31736526946107785,0.0,0.08383233532934131,0.1437125748502994,1.471698113207547
2025,player_jonquel_jones,NYL,125.0,85.0,8.0,2.0,293.0,150.0,125.0,53.0,65.0,0.0,0.0,16.0,1.0,0.0,0.0,15.0,18.0,13.0,0.0,2.0,0.0,27.0,168.0,97.0,25.0,73.0,32.0,220.0,118.0,0.42662116040955633,0.0,0.027303754266211604,0.09215017064846416,1.2878787878787878
2025,player_jordin_canada,ATL,42.0,159.0,12.0,3.0,259.0,108.0,86.0,25.0,62.0,0.0,1.0,33.0,1.0,0.0,0.0,15.0,1.0,9.0,0.0,2.0,0.0,46.0,173.0,83.0,66.0,79.0,34.0,180.0,74.0,0.33204633204633205,0.0,0.04633204633204633,0.1776061776061776,2.5238095238095237
2025,player_joyner_holmes,LVA,3.0,0.0,1.0,0.0,12.0,3.0,5.0,1.0,2.0,0.0,0.0,0.0,0.0,0.0,0.0,0.0,1.0,1.0,0.0,0.0,0.0,1.0,7.0,2.0,0.0,3.0,2.0,9.0,1.0,0.4166666666666667,0.0,0.08333333333333333,0.08333333333333333,0.0
2025,player_julie_allemand,LAS,42.0,170.0,9.0,3.0,158.0,70.0,101.0,28.0,53.0,0.0,0.0,32.0,0.0,0.0,0.0,9.0,0.0,10.0,0.0,1.0,1.0,20.0,57.0,42.0,28.0,11.0,7.0,147.0,63.0,0.6392405063291139,0.0,0.056962025316455694,0.12658227848101267,3.1481481481481484
2025,player_julie_vanloo,GSV,10.0,37.0,2.0,2.0,46.0,14.0,36.0,8.0,23.0,0.0,0.0,13.0,0.0,0.0,0.0,1.0,1.0,6.0,0.0,2.0,0.0,6.0,10.0,6.0,4.0,7.0,5.0,39.0,9.0,0.782608695652174,0.0,0.043478260869565216,0.13043478260869565,1.5416666666666667
2025,player_julie_vanloo,LAS,16.0,31.0,7.0,2.0,63.0,19.0,54.0,17.0,26.0,0.0,0.0,13.0,0.0,0.0,0.0,1.0,2.0,7.0,0.0,2.0,1.0,6.0,9.0,2.0,3.0,2.0,0.0,61.0,19.0,0.8571428571428571,0.0,0.1111111111111111,0.09523809523809523,1.1481481481481481
2025,player_kahleah_copper,PHX,116.0,43.0,8.0,0.0,333.0,153.0,148.0,57.0,62.0,0.0,1.0,22.0,0.0,0.0,0.0,13.0,7.0,17.0,0.0,2.0,0.0,55.0,185.0,96.0,37.0,62.0,30.0,271.0,123.0,0.4444444444444444,0.0,0.024024024024024024,0.16516516516516516,0.6825396825396826
2025,player_kaila_charles,DAL,24.0,18.0,4.0,1.0,72.0,29.0,30.0,10.0,16.0,0.0,0.0,5.0,0.0,0.0,0.0,4.0,1.0,2.0,0.0,4.0,0.0,13.0,42.0,19.0,5.0,16.0,4.0,56.0,25.0,0.4166666666666667,0.0,0.05555555555555555,0.18055555555555555,1.0588235294117647
2025,player_kaila_charles,GSV,39.0,17.0,5.0,1.0,99.0,50.0,42.0,15.0,22.0,0.0,0.0,8.0,0.0,0.0,0.0,8.0,1.0,5.0,0.0,0.0,0.0,16.0,57.0,35.0,11.0,30.0,18.0,69.0,32.0,0.42424242424242425,0.0,0.050505050505050504,0.16161616161616163,0.7391304347826086
2025,player_kaitlyn_chen,GSV,13.0,24.0,3.0,2.0,46.0,19.0,15.0,5.0,18.0,0.0,0.0,9.0,0.0,0.0,0.0,4.0,0.0,5.0,0.0,0.0,0.0,9.0,31.0,14.0,6.0,17.0,8.0,29.0,11.0,0.32608695652173914,0.0,0.06521739130434782,0.1956521739130435,1.263157894736842
2025,player_kalani_brown,PHX,46.0,16.0,5.0,1.0,87.0,59.0,8.0,3.0,23.0,0.0,0.0,6.0,0.0,0.0,1.0,4.0,8.0,4.0,0.0,0.0,0.0,4.0,79.0,56.0,12.0,22.0,14.0,65.0,45.0,0.09195402298850575,0.0,0.05747126436781609,0.04597701149425287,0.6666666666666666
2025,player_kamilla_cardoso,CHI,162.0,98.0,7.0,1.0,380.0,223.0,2.0,1.0,97.0,2.0,0.0,34.0,1.0,0.0,0.0,10.0,17.0,23.0,0.0,10.0,0.0,16.0,378.0,222.0,61.0,127.0,60.0,253.0,163.0,0.005263157894736842,0.0,0.018421052631578946,0.042105263157894736,1.0
2025,player_kariata_diaby,CON,6.0,5.0,0.0,2.0,10.0,7.0,0.0,0.0,12.0,0.0,0.0,1.0,0.0,0.0,1.0,0.0,6.0,2.0,0.0,2.0,0.0,0.0,10.0,7.0,1.0,3.0,2.0,7.0,5.0,0.0,0.0,0.0,0.0,0.38461538461538464
2025,player_karlie_samuelson,MIN,14.0,17.0,1.0,1.0,41.0,14.0,34.0,12.0,11.0,0.0,0.0,4.0,0.0,0.0,0.0,3.0,1.0,2.0,0.0,1.0,0.0,6.0,7.0,2.0,0.0,3.0,1.0,38.0,13.0,0.8292682926829268,0.0,0.024390243902439025,0.14634146341463414,1.4166666666666667
2025,player_kate_martin,GSV,59.0,40.0,25.0,4.0,247.0,86.0,179.0,57.0,34.0,0.0,0.0,13.0,0.0,1.0,0.0,7.0,2.0,5.0,0.0,4.0,2.0,24.0,68.0,29.0,27.0,35.0,16.0,212.0,70.0,0.7246963562753036,0.0,0.10121457489878542,0.09716599190283401,1.1428571428571428
2025,player_kathryn_westbeld,PHX,65.0,39.0,15.0,3.0,205.0,77.0,131.0,42.0,24.0,0.0,1.0,6.0,1.0,0.0,0.0,11.0,0.0,3.0,1.0,1.0,0.0,27.0,74.0,35.0,11.0,26.0,13.0,179.0,64.0,0.6390243902439025,0.0,0.07317073170731707,0.13170731707317074,1.56
2025,player_kayla_mcbride,MIN,143.0,137.0,14.0,0.0,421.0,178.0,261.0,103.0,67.0,0.0,0.0,32.0,0.0,0.0,0.0,15.0,4.0,15.0,0.0,0.0,1.0,50.0,160.0,75.0,35.0,53.0,25.0,368.0,153.0,0.6199524940617577,0.0,0.0332541567695962,0.1187648456057007,2.014705882352941
2025,player_kayla_mcbride,bffa4df2-c1b7-4ef4-b3d5-d5cc26df350f,4.0,0.0,0.0,0.0,12.0,4.0,12.0,4.0,1.0,0.0,0.0,0.0,0.0,0.0,0.0,0.0,0.0,1.0,0.0,0.0,0.0,1.0,0.0,0.0,0.0,0.0,0.0,12.0,4.0,1.0,0.0,0.0,0.08333333333333333,0.0
2025,player_kayla_thornton,GSV,71.0,33.0,14.0,3.0,266.0,100.0,141.0,40.0,36.0,1.0,0.0,5.0,0.0,0.0,0.0,12.0,4.0,7.0,0.0,7.0,0.0,31.0,125.0,60.0,29.0,71.0,38.0,195.0,62.0,0.5300751879699248,0.0,0.05263157894736842,0.11654135338345864,0.8918918918918919
2025,player_kayla_thornton,a94924c8-9ca9-49aa-94f1-864f49c51a1c,4.0,5.0,0.0,0.0,14.0,5.0,11.0,3.0,0.0,0.0,0.0,0.0,0.0,0.0,0.0,0.0,0.0,0.0,0.0,0.0,0.0,4.0,3.0,2.0,1.0,0.0,0.0,14.0,5.0,0.7857142857142857,0.0,0.0,0.2857142857142857,5.0
2025,player_kelsey_mitchell,IND,198.0,150.0,40.0,5.0,666.0,315.0,281.0,111.0,78.0,0.0,2.0,29.0,1.0,0.0,0.0,10.0,7.0,21.0,0.0,8.0,0.0,96.0,385.0,204.0,117.0,97.0,51.0,569.0,264.0,0.4219219219219219,0.0,0.06006006006006006,0.14414414414414414,1.8987341772151898
2025,player_kelsey_mitchell,a94924c8-9ca9-49aa-94f1-864f49c51a1c,6.0,2.0,0.0,0.0,13.0,8.0,7.0,3.0,0.0,0.0,0.0,0.0,0.0,0.0,0.0,0.0,0.0,0.0,0.0,0.0,0.0,2.0,6.0,5.0,2.0,0.0,0.0,13.0,8.0,0.5384615384615384,0.0,0.0,0.15384615384615385,2.0
2025,player_kelsey_plum,LAS,104.0,247.0,34.0,7.0,586.0,261.0,276.0,99.0,131.0,0.0,0.0,52.0,0.0,0.0,0.0,28.0,16.0,29.0,0.0,5.0,1.0,57.0,310.0,162.0,157.0,174.0,79.0,412.0,182.0,0.4709897610921502,0.0,0.05802047781569966,0.09726962457337884,1.871212121212121
2025,player_kelsey_plum,bffa4df2-c1b7-4ef4-b3d5-d5cc26df350f,5.0,3.0,0.0,0.0,14.0,7.0,8.0,1.0,2.0,0.0,0.0,1.0,0.0,0.0,0.0,0.0,0.0,0.0,0.0,1.0,0.0,2.0,6.0,6.0,2.0,0.0,0.0,14.0,7.0,0.5714285714285714,0.0,0.0,0.14285714285714285,1.0
2025,player_kennedy_burke,NYL,87.0,45.0,11.0,2.0,207.0,102.0,111.0,46.0,34.0,0.0,1.0,9.0,0.0,0.0,0.0,9.0,2.0,12.0,0.0,1.0,0.0,26.0,96.0,56.0,15.0,43.0,18.0,164.0,84.0,0.5362318840579711,0.0,0.05314009661835749,0.12560386473429952,1.2857142857142858
2025,player_kia_nurse,CHI,93.0,55.0,17.0,5.0,274.0,103.0,180.0,61.0,55.0,0.0,1.0,25.0,0.0,0.0,1.0,9.0,8.0,9.0,0.0,2.0,0.0,45.0,94.0,42.0,10.0,34.0,12.0,240.0,91.0,0.656934306569343,0.0,0.06204379562043796,0.16423357664233576,0.9821428571428571
2025,player_kiah_stokes,LVA,18.0,17.0,1.0,1.0,49.0,18.0,23.0,3.0,16.0,1.0,0.0,3.0,0.0,0.0,0.0,4.0,7.0,1.0,0.0,0.0,0.0,4.0,26.0,15.0,0.0,14.0,11.0,35.0,7.0,0.46938775510204084,0.0,0.02040816326530612,0.08163265306122448,1.0
2025,player_kiana_williams,PHX,12.0,10.0,9.0,0.0,39.0,17.0,26.0,9.0,6.0,0.0,0.0,3.0,0.0,0.0,0.0,1.0,0.0,2.0,0.0,0.0,0.0,9.0,13.0,8.0,5.0,7.0,6.0,32.0,11.0,0.6666666666666666,0.0,0.23076923076923078,0.23076923076923078,1.4285714285714286
2025,player_kierstan_bell,LVA,46.0,23.0,14.0,2.0,151.0,52.0,102.0,30.0,17.0,0.0,0.0,8.0,0.0,0.0,0.0,4.0,0.0,3.0,0.0,1.0,1.0,17.0,49.0,22.0,6.0,20.0,6.0,131.0,46.0,0.6754966887417219,0.0,0.09271523178807947,0.11258278145695365,1.2777777777777777
2025,player_kiki_iriafen,WAS,167.0,69.0,18.0,2.0,419.0,222.0,11.0,2.0,96.0,1.0,0.0,22.0,0.0,0.0,0.0,26.0,24.0,9.0,0.0,14.0,0.0,24.0,408.0,220.0,55.0,126.0,54.0,293.0,168.0,0.026252983293556086,0.0,0.04295942720763723,0.057279236276849645,0.711340206185567
2025,player_kiki_iriafen,a94924c8-9ca9-49aa-94f1-864f49c51a1c,5.0,1.0,2.0,0.0,15.0,7.0,7.0,2.0,2.0,0.0,0.0,0.0,0.0,0.0,0.0,2.0,0.0,0.0,0.0,0.0,0.0,0.0,8.0,5.0,2.0,0.0,0.0,15.0,7.0,0.4666666666666667,0.0,0.13333333333333333,0.0,0.3333333333333333
2025,player_kitija_laksa,PHX,58.0,21.0,9.0,0.0,175.0,66.0,117.0,38.0,19.0,0.0,0.0,9.0,0.0,0.0,0.0,3.0,3.0,3.0,0.0,1.0,0.0,21.0,58.0,28.0,8.0,16.0,6.0,159.0,60.0,0.6685714285714286,0.0,0.05142857142857143,0.12,1.05
2025,player_kyara_linskens,GSV,2.0,1.0,1.0,0.0,5.0,2.0,1.0,0.0,2.0,0.0,0.0,1.0,0.0,0.0,0.0,0.0,0.0,1.0,0.0,0.0,0.0,0.0,4.0,2.0,0.0,2.0,1.0,3.0,1.0,0.2,0.0,0.2,0.0,0.3333333333333333
2025,player_laeticia_amihere,GSV,31.0,27.0,8.0,3.0,100.0,52.0,20.0,3.0,32.0,0.0,0.0,5.0,0.0,0.0,0.0,11.0,7.0,2.0,0.0,7.0,0.0,9.0,80.0,49.0,21.0,43.0,24.0,57.0,28.0,0.2,0.0,0.08,0.09,0.8181818181818182
2025,player_le_la_lacan,CON,40.0,92.0,12.0,3.0,212.0,104.0,67.0,15.0,47.0,0.0,0.0,13.0,0.0,0.0,0.0,5.0,1.0,26.0,0.0,2.0,0.0,39.0,145.0,89.0,64.0,49.0,30.0,163.0,74.0,0.3160377358490566,0.0,0.05660377358490566,0.18396226415094338,1.9166666666666667
2025,player_leonie_fiebich,NYL,93.0,64.0,9.0,1.0,216.0,108.0,119.0,51.0,45.0,0.0,1.0,17.0,0.0,0.0,0.0,8.0,6.0,11.0,0.0,2.0,0.0,24.0,97.0,57.0,15.0,40.0,20.0,176.0,88.0,0.5509259259259259,0.0,0.041666666666666664,0.1111111111111111,1.391304347826087
2025,player_lexi_held,PHX,28.0,32.0,14.0,3.0,147.0,58.0,86.0,27.0,26.0,0.0,0.0,12.0,0.0,0.0,0.0,8.0,0.0,6.0,0.0,0.0,0.0,12.0,61.0,31.0,30.0,21.0,11.0,126.0,47.0,0.5850340136054422,0.0,0.09523809523809523,0.08163265306122448,1.1851851851851851
2025,player_lexie_brown,SEA,11.0,23.0,1.0,2.0,47.0,17.0,37.0,10.0,6.0,0.0,0.0,0.0,0.0,0.0,0.0,2.0,3.0,1.0,0.0,0.0,0.0,9.0,10.0,7.0,6.0,1.0,0.0,46.0,17.0,0.7872340425531915,0.0,0.02127659574468085,0.19148936170212766,3.2857142857142856
2025,player_lexie_hull,IND,90.0,79.0,12.0,1.0,280.0,118.0,148.0,55.0,41.0,0.0,1.0,17.0,0.0,0.0,0.0,12.0,2.0,9.0,0.0,0.0,0.0,35.0,132.0,63.0,28.0,50.0,18.0,230.0,100.0,0.5285714285714286,0.0,0.04285714285714286,0.125,1.880952380952381
2025,player_li_yueru,DAL,47.0,23.0,5.0,1.0,120.0,56.0,51.0,18.0,23.0,0.0,0.0,8.0,0.0,0.0,0.0,6.0,3.0,6.0,0.0,0.0,0.0,2.0,69.0,38.0,9.0,21.0,9.0,99.0,47.0,0.425,0.0,0.041666666666666664,0.016666666666666666,0.9583333333333334
2025,player_li_yueru,SEA,5.0,6.0,1.0,0.0,15.0,6.0,4.0,2.0,7.0,0.0,0.0,0.0,0.0,0.0,0.0,1.0,4.0,1.0,0.0,1.0,0.0,0.0,11.0,4.0,1.0,4.0,2.0,11.0,4.0,0.26666666666666666,0.0,0.06666666666666667,0.0,0.75
2025,player_liatu_king,DAL,1.0,0.0,0.0,0.0,2.0,1.0,0.0,0.0,0.0,0.0,0.0,0.0,0.0,0.0,0.0,0.0,0.0,0.0,0.0,0.0,0.0,1.0,2.0,1.0,0.0,2.0,1.0,0.0,0.0,0.0,0.0,0.0,0.5,0.0
2025,player_liatu_king,LAS,10.0,4.0,2.0,2.0,21.0,12.0,6.0,1.0,11.0,0.0,0.0,4.0,0.0,0.0,0.0,3.0,1.0,1.0,0.0,2.0,0.0,3.0,15.0,11.0,2.0,7.0,4.0,14.0,8.0,0.2857142857142857,0.0,0.09523809523809523,0.14285714285714285,0.3333333333333333
2025,player_lindsay_allen,CON,10.0,61.0,3.0,1.0,63.0,26.0,18.0,3.0,31.0,0.0,0.0,20.0,0.0,0.0,0.0,3.0,0.0,7.0,0.0,1.0,0.0,8.0,45.0,23.0,16.0,19.0,6.0,44.0,20.0,0.2857142857142857,0.0,0.047619047619047616,0.12698412698412698,1.90625
2025,player_lucy_olsen,WAS,39.0,49.0,14.0,3.0,153.0,66.0,69.0,19.0,21.0,0.0,0.0,8.0,1.0,0.0,0.0,7.0,3.0,1.0,0.0,1.0,0.0,9.0,84.0,47.0,27.0,25.0,13.0,128.0,53.0,0.45098039215686275,0.0,0.0915032679738562,0.058823529411764705,2.227272727272727
2025,player_luisa_geiselsoder,DAL,65.0,44.0,8.0,2.0,173.0,76.0,93.0,31.0,28.0,0.0,0.0,14.0,0.0,0.0,0.0,2.0,8.0,3.0,0.0,1.0,0.0,8.0,80.0,45.0,11.0,36.0,16.0,137.0,60.0,0.5375722543352601,0.0,0.046242774566473986,0.046242774566473986,1.5172413793103448
2025,player_mackenzie_holmes,SEA,4.0,2.0,4.0,0.0,7.0,5.0,0.0,0.0,0.0,0.0,0.0,0.0,0.0,0.0,0.0,0.0,0.0,0.0,0.0,0.0,0.0,1.0,7.0,5.0,1.0,2.0,2.0,5.0,3.0,0.0,0.0,0.5714285714285714,0.14285714285714285,2.0
2025,player_maddy_siegrist,DAL,105.0,21.0,6.0,1.0,254.0,132.0,80.0,26.0,14.0,0.0,0.0,5.0,0.0,0.0,0.0,5.0,0.0,4.0,0.0,0.0,0.0,42.0,174.0,106.0,27.0,81.0,42.0,173.0,90.0,0.31496062992125984,0.0,0.023622047244094488,0.16535433070866143,1.4
2025,player_maddy_westbeld,CHI,28.0,23.0,13.0,0.0,100.0,38.0,43.0,17.0,16.0,0.0,0.0,5.0,0.0,0.0,0.0,4.0,3.0,3.0,0.0,1.0,0.0,4.0,57.0,21.0,10.0,22.0,9.0,78.0,29.0,0.43,0.0,0.13,0.04,1.3529411764705883
2025,player_madison_scott,WAS,5.0,2.0,3.0,0.0,9.0,5.0,1.0,0.0,1.0,0.0,0.0,1.0,0.0,0.0,0.0,0.0,0.0,0.0,0.0,0.0,0.0,1.0,8.0,5.0,0.0,2.0,1.0,7.0,4.0,0.1111111111111111,0.0,0.3333333333333333,0.1111111111111111,1.0
2025,player_makayla_timpson,IND,24.0,1.0,11.0,0.0,49.0,32.0,0.0,0.0,8.0,0.0,0.0,1.0,0.0,0.0,0.0,1.0,2.0,4.0,0.0,0.0,0.0,4.0,49.0,32.0,8.0,24.0,13.0,25.0,19.0,0.0,0.0,0.22448979591836735,0.08163265306122448,0.1111111111111111
2025,player_mamignan_tour,CON,9.0,9.0,5.0,0.0,39.0,14.0,22.0,8.0,8.0,0.0,0.0,3.0,0.0,0.0,0.0,4.0,0.0,0.0,0.0,1.0,0.0,6.0,17.0,6.0,5.0,6.0,1.0,33.0,13.0,0.5641025641025641,0.0,0.1282051282051282,0.15384615384615385,1.0
2025,player_mari_me_badiane,MIN,0.0,0.0,0.0,0.0,3.0,0.0,1.0,0.0,2.0,0.0,0.0,1.0,0.0,0.0,0.0,0.0,1.0,0.0,0.0,0.0,0.0,0.0,2.0,0.0,0.0,0.0,0.0,3.0,0.0,0.3333333333333333,0.0,0.0,0.0,0.0
2025,player_maria_kliundikova,MIN,43.0,16.0,7.0,1.0,124.0,64.0,25.0,8.0,23.0,0.0,0.0,8.0,0.0,0.0,0.0,5.0,5.0,1.0,0.0,4.0,0.0,9.0,99.0,56.0,20.0,35.0,16.0,89.0,48.0,0.20161290322580644,0.0,0.056451612903225805,0.07258064516129033,0.6666666666666666
2025,player_marina_mabrey,CON,97.0,141.0,23.0,0.0,465.0,179.0,240.0,66.0,98.0,0.0,1.0,44.0,0.0,0.0,0.0,16.0,14.0,17.0,0.0,6.0,0.0,52.0,225.0,113.0,82.0,77.0,40.0,388.0,139.0,0.5161290322580645,0.0,0.04946236559139785,0.11182795698924732,1.4242424242424243
2025,player_marine_johannes,NYL,75.0,70.0,16.0,1.0,245.0,100.0,185.0,65.0,52.0,0.0,0.0,28.0,0.0,0.0,0.0,7.0,0.0,12.0,0.0,5.0,0.0,30.0,60.0,35.0,25.0,28.0,13.0,217.0,87.0,0.7551020408163265,0.0,0.0653061224489796,0.12244897959183673,1.320754716981132
2025,player_marquesha_davis,CHI,1.0,0.0,0.0,0.0,4.0,1.0,0.0,0.0,3.0,0.0,0.0,1.0,0.0,0.0,0.0,1.0,0.0,0.0,0.0,0.0,1.0,1.0,4.0,1.0,0.0,0.0,0.0,4.0,1.0,0.0,0.0,0.0,0.25,0.0
2025,player_marquesha_davis,NYL,1.0,1.0,2.0,0.0,4.0,1.0,3.0,0.0,3.0,0.0,0.0,0.0,0.0,0.0,0.0,0.0,0.0,3.0,0.0,0.0,0.0,1.0,1.0,1.0,0.0,1.0,1.0,3.0,0.0,0.75,0.0,0.5,0.25,0.25
2025,player_maya_caldwell,ATL,64.0,74.0,12.0,3.0,191.0,83.0,110.0,39.0,40.0,0.0,1.0,20.0,1.0,0.0,0.0,9.0,0.0,5.0,0.0,4.0,0.0,19.0,81.0,44.0,19.0,25.0,12.0,166.0,71.0,0.5759162303664922,0.0,0.06282722513089005,0.09947643979057591,1.8048780487804879
2025,player_megan_gustafson,LVA,19.0,5.0,8.0,0.0,57.0,20.0,39.0,13.0,6.0,0.0,0.0,1.0,0.0,0.0,0.0,1.0,3.0,1.0,0.0,0.0,0.0,8.0,18.0,7.0,1.0,13.0,5.0,44.0,15.0,0.6842105263157895,0.0,0.14035087719298245,0.14035087719298245,0.7142857142857143
2025,player_megan_mcconnell,PHX,1.0,3.0,0.0,0.0,3.0,1.0,2.0,1.0,0.0,0.0,0.0,0.0,0.0,0.0,0.0,0.0,0.0,0.0,0.0,0.0,0.0,1.0,1.0,0.0,0.0,0.0,0.0,3.0,1.0,0.6666666666666666,0.0,0.0,0.3333333333333333,3.0
2025,player_mercedes_russell,LAS,11.0,12.0,0.0,0.0,24.0,12.0,0.0,0.0,7.0,0.0,0.0,2.0,0.0,0.0,0.0,1.0,2.0,2.0,0.0,0.0,0.0,0.0,24.0,12.0,1.0,14.0,7.0,10.0,5.0,0.0,0.0,0.0,0.0,1.5
2025,player_michaela_onyenwere,CHI,64.0,48.0,2.0,3.0,189.0,89.0,67.0,24.0,56.0,0.0,0.0,11.0,0.0,0.0,0.0,15.0,11.0,13.0,1.0,4.0,1.0,27.0,122.0,65.0,25.0,56.0,26.0,133.0,63.0,0.3544973544973545,0.0,0.010582010582010581,0.14285714285714285,0.8421052631578947
2025,player_monique_akoa_makani,PHX,82.0,111.0,7.0,5.0,258.0,114.0,121.0,49.0,55.0,0.0,0.0,29.0,0.0,0.0,0.0,10.0,3.0,12.0,0.0,1.0,0.0,46.0,137.0,65.0,32.0,49.0,23.0,209.0,91.0,0.4689922480620155,0.0,0.027131782945736434,0.17829457364341086,1.9821428571428572
2025,player_monique_billings,GSV,61.0,14.0,4.0,2.0,141.0,72.0,36.0,10.0,21.0,1.0,0.0,5.0,0.0,0.0,0.0,4.0,5.0,4.0,0.0,2.0,0.0,9.0,105.0,62.0,11.0,58.0,29.0,83.0,43.0,0.2553191489361702,0.0,0.028368794326241134,0.06382978723404255,0.6363636363636364
2025,player_moriah_jefferson,CHI,1.0,9.0,1.0,0.0,8.0,3.0,3.0,1.0,2.0,0.0,0.0,0.0,0.0,0.0,0.0,0.0,0.0,2.0,0.0,0.0,0.0,2.0,5.0,2.0,2.0,1.0,1.0,7.0,2.0,0.375,0.0,0.125,0.25,3.0
2025,player_murjanatu_musa,PHX,12.0,7.0,1.0,1.0,33.0,16.0,2.0,1.0,7.0,0.0,0.0,3.0,0.0,0.0,0.0,0.0,3.0,1.0,0.0,0.0,0.0,3.0,31.0,15.0,4.0,13.0,4.0,20.0,12.0,0.06060606060606061,0.0,0.030303030303030304,0.09090909090909091,0.875
2025,player_myisha_hines_allen,DAL,88.0,116.0,18.0,2.0,233.0,112.0,60.0,16.0,87.0,0.0,0.0,28.0,0.0,0.0,0.0,11.0,16.0,22.0,0.0,10.0,0.0,15.0,173.0,96.0,24.0,75.0,39.0,158.0,73.0,0.2575107296137339,0.0,0.07725321888412018,0.06437768240343347,1.3181818181818181
2025,player_nalyssa_smith,DAL,36.0,14.0,1.0,0.0,95.0,45.0,11.0,2.0,17.0,0.0,0.0,6.0,0.0,0.0,0.0,7.0,4.0,0.0,0.0,0.0,0.0,10.0,84.0,43.0,9.0,44.0,22.0,51.0,23.0,0.11578947368421053,0.0,0.010526315789473684,0.10526315789473684,0.7777777777777778
2025,player_nalyssa_smith,LVA,77.0,19.0,1.0,0.0,149.0,89.0,16.0,6.0,34.0,0.0,0.0,7.0,1.0,0.0,0.0,6.0,12.0,6.0,0.0,2.0,0.0,8.0,133.0,83.0,12.0,58.0,35.0,91.0,54.0,0.10738255033557047,0.0,0.006711409395973154,0.053691275167785234,0.5428571428571428
2025,player_napheesa_collier,MIN,226.0,105.0,19.0,5.0,493.0,275.0,123.0,50.0,70.0,3.0,0.0,12.0,0.0,0.0,0.0,20.0,17.0,13.0,1.0,4.0,0.0,34.0,370.0,225.0,49.0,177.0,90.0,316.0,185.0,0.24949290060851928,0.0,0.038539553752535496,0.06896551724137931,1.4788732394366197
2025,player_napheesa_collier,bffa4df2-c1b7-4ef4-b3d5-d5cc26df350f,12.0,1.0,0.0,0.0,16.0,13.0,5.0,4.0,1.0,0.0,0.0,0.0,0.0,0.0,0.0,0.0,1.0,0.0,0.0,0.0,0.0,1.0,11.0,9.0,1.0,2.0,0.0,14.0,13.0,0.3125,0.0,0.0,0.0625,0.5
2025,player_natasha_cloud,NYL,82.0,211.0,14.0,5.0,341.0,151.0,153.0,52.0,77.0,0.0,2.0,46.0,1.0,0.0,0.0,2.0,5.0,19.0,0.0,0.0,2.0,38.0,188.0,99.0,69.0,84.0,40.0,257.0,111.0,0.44868035190615835,0.0,0.04105571847507331,0.11143695014662756,2.7051282051282053
2025,player_natasha_howard,IND,135.0,66.0,4.0,2.0,343.0,200.0,33.0,6.0,85.0,0.0,0.0,26.0,0.0,0.0,0.0,13.0,12.0,14.0,0.0,20.0,0.0,32.0,310.0,194.0,65.0,137.0,78.0,206.0,122.0,0.09620991253644315,0.0,0.011661807580174927,0.09329446064139942,0.7674418604651163
2025,player_natasha_mack,PHX,51.0,30.0,3.0,1.0,117.0,71.0,4.0,0.0,15.0,0.0,0.0,7.0,0.0,0.0,0.0,2.0,2.0,3.0,0.0,1.0,0.0,8.0,113.0,71.0,20.0,56.0,35.0,61.0,36.0,0.03418803418803419,0.0,0.02564102564102564,0.06837606837606838,1.875
2025,player_natisha_hiedeman,MIN,85.0,118.0,25.0,1.0,291.0,151.0,121.0,46.0,54.0,0.0,0.0,24.0,0.0,0.0,0.0,8.0,1.0,20.0,0.0,1.0,0.0,50.0,170.0,105.0,66.0,68.0,34.0,223.0,117.0,0.41580756013745707,0.0,0.0859106529209622,0.1718213058419244,2.1454545454545455
2025,player_naz_hillmon,ATL,127.0,105.0,15.0,2.0,286.0,139.0,163.0,53.0,50.0,0.0,0.0,23.0,0.0,0.0,0.0,6.0,7.0,9.0,0.0,4.0,1.0,17.0,123.0,86.0,12.0,22.0,10.0,264.0,129.0,0.5699300699300699,0.0,0.05244755244755245,0.05944055944055944,2.0588235294117645
2025,player_nia_coffey,ATL,47.0,46.0,15.0,3.0,132.0,55.0,81.0,24.0,30.0,0.0,1.0,9.0,0.0,0.0,0.0,3.0,4.0,8.0,0.0,5.0,0.0,14.0,51.0,31.0,8.0,12.0,6.0,120.0,49.0,0.6136363636363636,0.0,0.11363636363636363,0.10606060606060606,1.4838709677419355
2025,player_nneka_ogwumike,SEA,262.0,99.0,35.0,2.0,586.0,320.0,179.0,66.0,85.0,0.0,1.0,30.0,0.0,0.0,0.0,20.0,14.0,17.0,0.0,3.0,0.0,57.0,407.0,254.0,58.0,172.0,98.0,414.0,222.0,0.3054607508532423,0.0,0.059726962457337884,0.09726962457337884,1.1511627906976745
2025,player_nneka_ogwumike,bffa4df2-c1b7-4ef4-b3d5-d5cc26df350f,5.0,3.0,1.0,0.0,8.0,7.0,2.0,2.0,2.0,0.0,0.0,2.0,0.0,0.0,0.0,0.0,0.0,0.0,0.0,0.0,0.0,2.0,6.0,5.0,2.0,1.0,1.0,7.0,6.0,0.25,0.0,0.125,0.25,1.0
2025,player_nyara_sabally,NYL,22.0,13.0,2.0,0.0,66.0,37.0,7.0,1.0,16.0,0.0,0.0,1.0,0.0,0.0,0.0,2.0,7.0,6.0,0.0,0.0,0.0,9.0,59.0,36.0,15.0,28.0,12.0,38.0,25.0,0.10606060606060606,0.0,0.030303030303030304,0.13636363636363635,0.7647058823529411
2025,player_odyssey_sims,IND,25.0,48.0,3.0,0.0,109.0,49.0,30.0,9.0,16.0,0.0,0.0,7.0,0.0,0.0,0.0,2.0,2.0,5.0,0.0,0.0,0.0,19.0,79.0,40.0,24.0,46.0,23.0,63.0,26.0,0.27522935779816515,0.0,0.027522935779816515,0.1743119266055046,2.823529411764706
2025,player_odyssey_sims,LAS,23.0,42.0,1.0,0.0,89.0,40.0,34.0,12.0,17.0,0.0,0.0,7.0,1.0,0.0,0.0,2.0,1.0,6.0,0.0,0.0,0.0,7.0,55.0,28.0,17.0,38.0,18.0,51.0,22.0,0.38202247191011235,0.0,0.011235955056179775,0.07865168539325842,2.3333333333333335
2025,player_olivia_nelson_ododa,CON,84.0,34.0,8.0,0.0,195.0,113.0,2.0,1.0,40.0,0.0,0.0,6.0,0.0,0.0,0.0,8.0,14.0,9.0,0.0,3.0,0.0,4.0,193.0,112.0,29.0,58.0,25.0,137.0,88.0,0.010256410256410256,0.0,0.041025641025641026,0.020512820512820513,0.8292682926829268
2025,player_paige_bueckers,DAL,140.0,194.0,31.0,0.0,522.0,259.0,116.0,39.0,72.0,0.0,0.0,36.0,0.0,0.0,0.0,16.0,2.0,17.0,0.0,1.0,0.0,42.0,406.0,220.0,119.0,153.0,88.0,369.0,171.0,0.2222222222222222,0.0,0.05938697318007663,0.08045977011494253,2.6575342465753424
2025,player_paige_bueckers,bffa4df2-c1b7-4ef4-b3d5-d5cc26df350f,2.0,8.0,0.0,0.0,6.0,2.0,5.0,1.0,0.0,0.0,0.0,0.0,0.0,0.0,0.0,0.0,0.0,0.0,0.0,0.0,0.0,0.0,1.0,1.0,0.0,0.0,0.0,6.0,2.0,0.8333333333333334,0.0,0.0,0.0,8.0
2025,player_rachel_banham,CHI,88.0,119.0,24.0,5.0,327.0,129.0,235.0,86.0,71.0,0.0,0.0,44.0,0.0,0.0,0.0,12.0,3.0,10.0,0.0,2.0,0.0,28.0,92.0,43.0,41.0,27.0,13.0,300.0,116.0,0.7186544342507645,0.0,0.07339449541284404,0.0856269113149847,1.6527777777777777
2025,player_rae_burrell,LAS,57.0,34.0,11.0,0.0,162.0,77.0,67.0,22.0,25.0,0.0,1.0,9.0,0.0,0.0,0.0,7.0,1.0,6.0,0.0,1.0,0.0,27.0,95.0,55.0,20.0,37.0,13.0,125.0,64.0,0.41358024691358025,0.0,0.06790123456790123,0.16666666666666666,1.3076923076923077
2025,player_rayah_marshall,CON,8.0,4.0,7.0,1.0,24.0,9.0,1.0,0.0,7.0,1.0,0.0,3.0,0.0,0.0,0.0,2.0,0.0,1.0,0.0,0.0,0.0,2.0,23.0,9.0,1.0,12.0,3.0,12.0,6.0,0.041666666666666664,0.0,0.2916666666666667,0.08333333333333333,0.5
2025,player_rebecca_allen,CHI,67.0,57.0,6.0,2.0,234.0,82.0,131.0,42.0,39.0,0.0,0.0,21.0,0.0,0.0,1.0,7.0,0.0,7.0,0.0,3.0,0.0,26.0,103.0,40.0,15.0,27.0,7.0,207.0,75.0,0.5598290598290598,0.0,0.02564102564102564,0.1111111111111111,1.425
2025,player_rebekah_gardner,NYL,43.0,25.0,4.0,2.0,98.0,55.0,42.0,20.0,23.0,1.0,0.0,6.0,0.0,0.0,0.0,4.0,3.0,5.0,0.0,4.0,0.0,15.0,56.0,35.0,12.0,21.0,9.0,77.0,46.0,0.42857142857142855,0.0,0.04081632653061224,0.15306122448979592,1.0416666666666667
2025,player_rhyne_howard,ATL,90.0,153.0,32.0,4.0,488.0,187.0,316.0,102.0,55.0,0.0,0.0,28.0,0.0,0.0,1.0,11.0,3.0,12.0,0.0,0.0,0.0,45.0,172.0,85.0,97.0,72.0,33.0,416.0,154.0,0.6475409836065574,0.0,0.06557377049180328,0.09221311475409837,2.732142857142857
2025,player_rickea_jackson,LAS,141.0,64.0,20.0,3.0,461.0,205.0,186.0,65.0,78.0,0.0,1.0,27.0,1.0,0.0,0.0,24.0,4.0,15.0,0.0,6.0,0.0,61.0,275.0,140.0,64.0,122.0,45.0,339.0,160.0,0.403470715835141,0.0,0.04338394793926247,0.13232104121475055,0.810126582278481
2025,player_robyn_parks,CON,1.0,2.0,0.0,0.0,5.0,1.0,4.0,0.0,1.0,0.0,0.0,0.0,0.0,0.0,0.0,0.0,1.0,0.0,0.0,0.0,0.0,2.0,1.0,1.0,0.0,0.0,0.0,5.0,1.0,0.8,0.0,0.0,0.4,1.0
2025,player_sabrina_ionescu,NYL,140.0,216.0,29.0,3.0,544.0,230.0,266.0,81.0,100.0,0.0,0.0,40.0,0.0,0.0,0.0,16.0,4.0,37.0,0.0,2.0,1.0,73.0,278.0,149.0,90.0,134.0,62.0,410.0,168.0,0.4889705882352941,0.0,0.05330882352941176,0.13419117647058823,2.1386138613861387
2025,player_sabrina_ionescu,a94924c8-9ca9-49aa-94f1-864f49c51a1c,3.0,7.0,0.0,0.0,8.0,4.0,5.0,2.0,0.0,0.0,0.0,0.0,0.0,0.0,0.0,0.0,0.0,0.0,0.0,0.0,0.0,1.0,3.0,2.0,1.0,1.0,1.0,7.0,3.0,0.625,0.0,0.0,0.125,7.0
2025,player_sami_whitcomb,PHX,106.0,108.0,15.0,3.0,322.0,129.0,235.0,86.0,67.0,0.0,0.0,33.0,0.0,0.0,0.0,12.0,4.0,15.0,0.0,2.0,1.0,51.0,87.0,43.0,23.0,35.0,15.0,287.0,114.0,0.7298136645962733,0.0,0.046583850931677016,0.15838509316770186,1.588235294117647
2025,player_sania_feagin,LAS,8.0,4.0,6.0,0.0,23.0,10.0,4.0,0.0,7.0,0.0,0.0,2.0,0.0,0.0,0.0,3.0,2.0,0.0,0.0,0.0,0.0,1.0,19.0,10.0,2.0,7.0,1.0,16.0,9.0,0.17391304347826086,0.0,0.2608695652173913,0.043478260869565216,0.5
2025,player_saniya_rivers,CON,77.0,113.0,18.0,2.0,335.0,142.0,125.0,43.0,62.0,0.0,0.0,33.0,0.0,0.0,0.0,6.0,2.0,18.0,0.0,3.0,0.0,38.0,210.0,99.0,65.0,47.0,24.0,288.0,118.0,0.373134328358209,0.0,0.05373134328358209,0.11343283582089553,1.7936507936507937
2025,player_sarah_ashlee_barker,LAS,28.0,31.0,2.0,1.0,98.0,35.0,61.0,18.0,37.0,0.0,0.0,18.0,0.0,0.0,0.0,8.0,0.0,11.0,0.0,0.0,0.0,21.0,37.0,17.0,7.0,12.0,3.0,86.0,32.0,0.6224489795918368,0.0,0.02040816326530612,0.21428571428571427,0.8157894736842105
2025,player_satou_sabally,PHX,142.0,98.0,24.0,5.0,483.0,208.0,205.0,67.0,77.0,0.0,2.0,32.0,0.0,0.0,0.0,9.0,13.0,13.0,0.0,7.0,1.0,53.0,278.0,141.0,66.0,128.0,55.0,355.0,153.0,0.4244306418219462,0.0,0.049689440993788817,0.10973084886128365,1.2564102564102564
2025,player_serena_sundell,DAL,0.0,0.0,0.0,0.0,1.0,0.0,1.0,0.0,2.0,0.0,0.0,1.0,0.0,0.0,0.0,1.0,0.0,0.0,0.0,0.0,0.0,0.0,0.0,0.0,0.0,0.0,0.0,1.0,0.0,1.0,0.0,0.0,0.0,0.0
2025,player_sevgi_uzun,CHI,13.0,49.0,2.0,1.0,75.0,28.0,22.0,4.0,33.0,0.0,0.0,19.0,0.0,0.0,0.0,8.0,0.0,4.0,0.0,1.0,1.0,5.0,53.0,24.0,15.0,25.0,9.0,50.0,19.0,0.29333333333333333,0.0,0.02666666666666667,0.06666666666666667,1.4411764705882353
2025,player_sevgi_uzun,PHX,1.0,14.0,0.0,0.0,13.0,3.0,7.0,1.0,10.0,0.0,0.0,7.0,0.0,0.0,0.0,3.0,0.0,0.0,0.0,0.0,0.0,2.0,6.0,2.0,2.0,2.0,0.0,11.0,3.0,0.5384615384615384,0.0,0.0,0.15384615384615385,1.2727272727272727
2025,player_shakira_austin,WAS,131.0,68.0,19.0,2.0,373.0,191.0,15.0,2.0,92.0,4.0,0.0,28.0,1.0,0.0,0.0,23.0,7.0,21.0,0.0,8.0,0.0,14.0,358.0,189.0,60.0,158.0,65.0,215.0,126.0,0.040214477211796246,0.0,0.05093833780160858,0.03753351206434316,0.7311827956989247
2025,player_shatori_walker_kimbrough,ATL,20.0,22.0,6.0,0.0,59.0,26.0,31.0,11.0,15.0,0.0,0.0,5.0,0.0,0.0,0.0,2.0,2.0,5.0,0.0,1.0,0.0,7.0,28.0,15.0,6.0,7.0,4.0,52.0,22.0,0.5254237288135594,0.0,0.1016949152542373,0.11864406779661017,1.375
2025,player_shey_peddy,IND,13.0,15.0,2.0,2.0,30.0,17.0,22.0,11.0,9.0,0.0,1.0,3.0,0.0,0.0,0.0,0.0,0.0,4.0,0.0,1.0,0.0,1.0,8.0,6.0,4.0,6.0,4.0,24.0,13.0,0.7333333333333333,0.0,0.06666666666666667,0.03333333333333333,1.5
2025,player_shey_peddy,LAS,7.0,16.0,1.0,0.0,22.0,10.0,13.0,5.0,4.0,0.0,0.0,4.0,0.0,0.0,0.0,0.0,0.0,0.0,0.0,0.0,0.0,1.0,9.0,5.0,3.0,3.0,1.0,19.0,9.0,0.5909090909090909,0.0,0.045454545454545456,0.045454545454545456,3.2
2025,player_sika_kon,ATL,0.0,1.0,3.0,0.0,3.0,0.0,2.0,0.0,0.0,0.0,0.0,0.0,0.0,0.0,0.0,0.0,0.0,0.0,0.0,0.0,0.0,0.0,1.0,0.0,0.0,0.0,0.0,3.0,0.0,0.6666666666666666,0.0,1.0,0.0,1.0
2025,player_sika_kon,WAS,4.0,5.0,4.0,1.0,14.0,7.0,3.0,1.0,6.0,0.0,0.0,0.0,0.0,0.0,0.0,1.0,0.0,3.0,1.0,1.0,0.0,2.0,11.0,6.0,3.0,4.0,3.0,10.0,4.0,0.21428571428571427,0.0,0.2857142857142857,0.14285714285714285,0.7142857142857143
2025,player_skylar_diggins,SEA,126.0,258.0,29.0,3.0,505.0,228.0,165.0,62.0,91.0,0.0,0.0,44.0,0.0,0.0,0.0,15.0,5.0,20.0,0.0,6.0,1.0,75.0,340.0,166.0,102.0,168.0,70.0,337.0,158.0,0.32673267326732675,0.0,0.05742574257425743,0.1485148514851485,2.8043478260869565
2025,player_skylar_diggins,bffa4df2-c1b7-4ef4-b3d5-d5cc26df350f,3.0,15.0,2.0,0.0,8.0,4.0,5.0,1.0,1.0,0.0,0.0,1.0,0.0,0.0,0.0,0.0,0.0,0.0,0.0,0.0,0.0,0.0,3.0,3.0,1.0,0.0,0.0,8.0,4.0,0.625,0.0,0.25,0.0,7.5
2025,player_sonia_citron,WAS,172.0,104.0,25.0,6.0,447.0,223.0,179.0,81.0,91.0,0.0,0.0,45.0,1.0,0.0,0.0,18.0,2.0,21.0,0.0,3.0,1.0,67.0,268.0,142.0,51.0,110.0,50.0,337.0,173.0,0.4004474272930649,0.0,0.05592841163310962,0.14988814317673377,1.1304347826086956
2025,player_sonia_citron,a94924c8-9ca9-49aa-94f1-864f49c51a1c,4.0,2.0,1.0,0.0,11.0,4.0,8.0,3.0,1.0,0.0,0.0,0.0,0.0,0.0,0.0,0.0,0.0,1.0,0.0,0.0,0.0,1.0,3.0,1.0,0.0,1.0,0.0,10.0,4.0,0.7272727272727273,0.0,0.09090909090909091,0.09090909090909091,1.0
2025,player_sophie_cunningham,IND,69.0,36.0,7.0,0.0,165.0,82.0,117.0,51.0,34.0,0.0,1.0,5.0,0.0,0.0,0.0,7.0,9.0,10.0,0.0,2.0,0.0,32.0,48.0,31.0,13.0,10.0,5.0,155.0,77.0,0.7090909090909091,0.0,0.04242424242424243,0.19393939393939394,1.0285714285714285
2025,player_stefanie_dolson,WAS,56.0,59.0,1.0,1.0,137.0,60.0,75.0,27.0,29.0,0.0,0.0,11.0,0.0,0.0,0.0,3.0,11.0,3.0,0.0,1.0,0.0,6.0,62.0,33.0,4.0,20.0,8.0,117.0,52.0,0.5474452554744526,0.0,0.0072992700729927005,0.043795620437956206,1.9666666666666666
2025,player_stephanie_talbot,GSV,17.0,32.0,1.0,6.0,55.0,20.0,31.0,8.0,19.0,0.0,0.0,10.0,0.0,0.0,0.0,3.0,1.0,4.0,0.0,1.0,0.0,2.0,24.0,12.0,3.0,10.0,3.0,45.0,17.0,0.5636363636363636,0.0,0.01818181818181818,0.03636363636363636,1.6
2025,player_stephanie_talbot,NYL,18.0,34.0,3.0,0.0,43.0,19.0,24.0,8.0,21.0,0.0,0.0,11.0,0.0,0.0,0.0,2.0,1.0,5.0,0.0,2.0,0.0,4.0,19.0,11.0,1.0,11.0,6.0,32.0,13.0,0.5581395348837209,0.0,0.06976744186046512,0.09302325581395349,1.5454545454545454
2025,player_sug_sutton,WAS,57.0,166.0,11.0,2.0,272.0,119.0,119.0,42.0,83.0,0.0,0.0,35.0,2.0,0.0,0.0,15.0,2.0,25.0,0.0,4.0,0.0,30.0,153.0,77.0,62.0,76.0,39.0,196.0,80.0,0.4375,0.0,0.04044117647058824,0.11029411764705882,1.9761904761904763
2025,player_sydney_colson,IND,14.0,60.0,6.0,1.0,74.0,26.0,46.0,13.0,35.0,0.0,0.0,16.0,0.0,0.0,0.0,6.0,2.0,10.0,0.0,1.0,0.0,6.0,28.0,13.0,12.0,8.0,3.0,66.0,23.0,0.6216216216216216,0.0,0.08108108108108109,0.08108108108108109,1.6666666666666667
2025,player_taylor_thierry,ATL,1.0,2.0,4.0,0.0,6.0,2.0,2.0,1.0,1.0,0.0,0.0,0.0,0.0,0.0,0.0,0.0,0.0,1.0,0.0,0.0,0.0,1.0,4.0,1.0,1.0,2.0,0.0,4.0,2.0,0.3333333333333333,0.0,0.6666666666666666,0.16666666666666666,1.0
2025,player_te_hina_paopao,ATL,70.0,105.0,10.0,1.0,210.0,96.0,132.0,51.0,44.0,0.0,1.0,20.0,0.0,0.0,0.0,12.0,0.0,8.0,0.0,3.0,0.0,21.0,78.0,45.0,26.0,38.0,17.0,172.0,79.0,0.6285714285714286,0.0,0.047619047619047616,0.1,2.3333333333333335
2025,player_teaira_mccowan,DAL,31.0,10.0,1.0,1.0,58.0,36.0,2.0,1.0,16.0,0.0,0.0,2.0,0.0,0.0,0.0,3.0,10.0,0.0,0.0,1.0,0.0,2.0,56.0,35.0,5.0,16.0,7.0,42.0,29.0,0.034482758620689655,0.0,0.017241379310344827,0.034482758620689655,0.5882352941176471
2025,player_temi_fagbenle,GSV,98.0,61.0,11.0,2.0,230.0,125.0,62.0,12.0,58.0,1.0,0.0,14.0,0.0,0.0,0.0,6.0,21.0,12.0,0.0,4.0,0.0,13.0,168.0,113.0,27.0,68.0,46.0,162.0,79.0,0.26956521739130435,0.0,0.04782608695652174,0.05652173913043478,1.0338983050847457
2025,player_tiffany_hayes,GSV,49.0,77.0,10.0,2.0,219.0,99.0,100.0,41.0,49.0,0.0,0.0,22.0,0.0,0.0,0.0,13.0,0.0,12.0,0.0,2.0,0.0,17.0,119.0,58.0,50.0,77.0,35.0,142.0,64.0,0.45662100456621,0.0,0.045662100456621,0.0776255707762557,1.54
2025,player_tiffany_mitchell,LVA,9.0,7.0,2.0,1.0,40.0,16.0,13.0,4.0,14.0,0.0,0.0,2.0,0.0,0.0,0.0,3.0,4.0,2.0,0.0,3.0,0.0,6.0,27.0,12.0,7.0,16.0,6.0,24.0,10.0,0.325,0.0,0.05,0.15,0.4666666666666667
2025,player_tiffany_mitchell,SEA,14.0,5.0,0.0,0.0,55.0,24.0,17.0,7.0,10.0,1.0,0.0,2.0,0.0,0.0,0.0,2.0,1.0,2.0,0.0,1.0,1.0,5.0,38.0,17.0,10.0,14.0,7.0,41.0,17.0,0.3090909090909091,0.0,0.0,0.09090909090909091,0.45454545454545453
2025,player_tina_charles,CON,207.0,74.0,13.0,1.0,569.0,260.0,46.0,12.0,82.0,2.0,0.0,29.0,0.0,0.0,1.0,20.0,9.0,11.0,0.0,10.0,0.0,38.0,523.0,248.0,53.0,230.0,92.0,339.0,168.0,0.08084358523725835,0.0,0.022847100175746926,0.06678383128295255,0.891566265060241
2025,player_tyasha_harris,DAL,6.0,13.0,0.0,0.0,17.0,8.0,11.0,5.0,3.0,0.0,0.0,0.0,0.0,0.0,0.0,0.0,0.0,3.0,0.0,0.0,0.0,1.0,6.0,3.0,2.0,1.0,0.0,16.0,8.0,0.6470588235294118,0.0,0.0,0.058823529411764705,3.25
2025,player_veronica_burton,GSV,78.0,265.0,17.0,4.0,348.0,149.0,172.0,61.0,94.0,1.0,1.0,51.0,0.0,0.0,0.0,17.0,3.0,19.0,0.0,1.0,1.0,38.0,176.0,88.0,71.0,115.0,57.0,233.0,92.0,0.4942528735632184,0.0,0.04885057471264368,0.10919540229885058,2.789473684210526
2025,player_yvonne_anderson,MIN,0.0,2.0,0.0,0.0,3.0,0.0,1.0,0.0,0.0,0.0,0.0,0.0,0.0,0.0,0.0,0.0,0.0,0.0,0.0,0.0,0.0,0.0,2.0,0.0,0.0,2.0,0.0,1.0,0.0,0.3333333333333333,0.0,0.0,0.0,2.0
2025,player_zia_cooke,SEA,22.0,14.0,11.0,4.0,79.0,30.0,38.0,15.0,22.0,0.0,0.0,9.0,0.0,0.0,0.0,4.0,1.0,7.0,0.0,1.0,0.0,12.0,41.0,15.0,8.0,20.0,3.0,59.0,27.0,0.4810126582278481,0.0,0.13924050632911392,0.1518987341772152,0.6086956521739131
