season_year,player_id,fga,three_pa,fta,ast,tov,pf_committed,pf_drawn,orb,drb,fgm,three_pm,ftm,fg_pct,three_pct,ft_pct,three_rate,fta_rate,tov_per_fga,ast_to_ratio,minutes_est,g,mpg,fga_per36,three_pa_per36,fta_per36,ast_per36,tov_per36,pf_committed_per36,pf_drawn_per36,orb_per36,drb_per36
2025,player_a_ja_wilson,631,61,290,124,89,0,268,91,318,334,25,248,0.5293185419968305,0.4098360655737705,0.8551724137931035,0.09667194928684628,0.4595879556259905,0.1410459587955626,1.3932584269662922,1247.0,40,31.175,18.216519647153167,1.7610264635124298,8.372093023255815,3.579791499599038,2.569366479550922,0.0,7.736968724939856,2.6271050521251,9.180433039294307
2025,player_aaliyah_edwards,138,9,87,20,41,0,73,47,85,69,0,56,0.5,0.0,0.6436781609195402,0.06521739130434782,0.6304347826086957,0.2971014492753623,0.4878048780487805,533.988,36,14.833,9.303579855727095,0.6067552079822017,5.8653003438279505,1.3483449066271151,2.764107058585586,0.0,4.92145890918897,3.16861053057372,5.730465853165239
2025,player_aaliyah_nye,161,113,17,24,27,0,18,15,51,59,37,14,0.36645962732919257,0.3274336283185841,0.8235294117647058,0.7018633540372671,0.10559006211180125,0.16770186335403728,0.8888888888888888,671.0,44,15.25,8.63785394932936,6.062593144560358,0.9120715350223547,1.2876304023845007,1.4485842026825633,0.0,0.9657228017883757,0.804769001490313,2.736214605067064
2025,player_aari_mcdonald,148,77,51,94,46,0,53,9,38,66,24,40,0.44594594594594594,0.3116883116883117,0.7843137254901961,0.5202702702702703,0.34459459459459457,0.3108108108108108,2.0434782608695654,525.0,20,26.25,10.148571428571428,5.28,3.4971428571428573,6.445714285714286,3.1542857142857144,0.0,3.634285714285714,0.6171428571428572,2.605714285714286
2025,player_aerial_powers,59,18,19,20,11,0,20,10,29,27,7,13,0.4576271186440678,0.3888888888888889,0.6842105263157895,0.3050847457627119,0.3220338983050847,0.1864406779661017,1.8181818181818181,167.0,10,16.7,12.718562874251496,3.8802395209580838,4.095808383233533,4.311377245508982,2.37125748502994,0.0,4.311377245508982,2.155688622754491,6.251497005988024
2025,player_ajae_petty,0,0,0,0,0,0,0,0,1,0,0,0,,,,,,,,6.0,2,3.0,0.0,0.0,0.0,0.0,0.0,0.0,0.0,0.0,6.0
2025,player_alanna_smith,319,160,65,121,65,0,85,65,149,160,53,31,0.5015673981191222,0.33125,0.47692307692307695,0.5015673981191222,0.20376175548589343,0.20376175548589343,1.8615384615384616,1114.008,42,26.524,10.308723097141135,5.1705194217635775,2.1005235150914534,3.910205312708706,2.1005235150914534,0.0,2.7468384428119004,2.1005235150914534,4.815046211517332
2025,player_alexis_prince,3,1,0,1,3,0,0,0,8,1,0,0,0.3333333333333333,0.0,,0.3333333333333333,0.0,1.0,0.3333333333333333,22.0,1,22.0,4.909090909090908,1.6363636363636365,0.0,1.6363636363636365,4.909090909090908,0.0,0.0,0.0,13.090909090909092
2025,player_alissa_pili,25,12,15,3,8,0,10,4,15,13,4,13,0.52,0.3333333333333333,0.8666666666666667,0.48,0.6,0.32,0.375,99.009,19,5.211,9.09008271975275,4.36323970548132,5.45404963185165,1.09080992637033,2.90882647032088,0.0,3.6360330879010996,1.45441323516044,5.45404963185165
2025,player_aliyah_boston,472,33,147,165,81,0,177,108,259,275,7,112,0.5826271186440678,0.21212121212121213,0.7619047619047619,0.06991525423728813,0.3114406779661017,0.1716101694915254,2.037037037037037,1326.9959999999999,44,30.159,12.804861506741544,0.8952551477170995,3.9879547489216245,4.476275738585497,2.197444453487426,0.0,4.8018230650280795,2.9299259379832345,7.02639646238572
2025,player_allisha_gray,526,264,232,149,74,0,171,36,187,251,103,186,0.47718631178707227,0.39015151515151514,0.8017241379310345,0.5019011406844106,0.44106463878326996,0.14068441064638784,2.0135135135135136,1451.016,42,34.548,13.050166228353097,6.549893316131593,5.755966853570188,3.696720091301543,1.8359549446732497,0.0,4.2425445343125086,0.8931672703815808,4.639507765593212
2025,player_alysha_clark,157,96,26,51,22,0,66,16,101,59,26,19,0.37579617834394907,0.2708333333333333,0.7307692307692307,0.6114649681528662,0.16560509554140126,0.14012738853503184,2.3181818181818183,827.9879999999999,42,19.714,6.826185886751983,4.173973535848346,1.1304511659589271,2.2174234409194336,0.956535601965246,0.0,2.869606805895738,0.6956622559747243,4.391367990840447
2025,player_alyssa_thomas,427,6,169,360,137,0,156,65,283,244,0,117,0.5714285714285714,0.0,0.6923076923076923,0.01405152224824356,0.3957845433255269,0.32084309133489464,2.627737226277372,1221.012,39,31.308,12.589556859392045,0.17690243830527463,4.982752012265236,10.614146298316479,4.039272341303771,0.0,4.599463395937141,1.9164430816404754,8.343898340065454
2025,player_amy_okonkwo,59,30,20,6,7,0,16,7,18,30,10,18,0.5084745762711864,0.3333333333333333,0.9,0.5084745762711864,0.3389830508474576,0.11864406779661017,0.8571428571428571,157.0,8,19.625,13.528662420382167,6.8789808917197455,4.585987261146497,1.375796178343949,1.6050955414012738,0.0,3.6687898089171975,1.6050955414012738,4.127388535031847
2025,player_aneesah_morrow,271,75,95,21,45,0,77,84,198,112,18,72,0.4132841328413284,0.24,0.7578947368421053,0.2767527675276753,0.3505535055350554,0.16605166051660517,0.4666666666666667,774.9820000000001,41,18.902,12.588679479007252,3.4839518853341107,4.413005721423207,0.9755065278935511,2.0903711312004662,0.0,3.5768572689430203,3.9020261115742043,9.197632977282053
2025,player_angel_reese,281,23,172,112,119,0,139,128,258,156,4,130,0.5551601423487544,0.17391304347826086,0.7558139534883721,0.08185053380782918,0.6120996441281139,0.4234875444839858,0.9411764705882353,947.01,30,31.567,10.682041372319194,0.8743307884816423,6.538473722558368,4.257610796084519,4.523711470839801,0.0,5.28399911299775,4.865840909810879,9.807710583837553
2025,player_ariel_atkins,348,118,93,122,84,0,124,23,91,162,43,80,0.46551724137931033,0.3644067796610169,0.8602150537634409,0.3390804597701149,0.2672413793103448,0.2413793103448276,1.4523809523809523,969.986,34,28.529,12.915650328973822,4.3794446517784795,3.4515962086050727,4.527900402686225,3.117570769062646,0.0,4.602128278140097,0.8536205677195341,3.3773683331512
2025,player_arike_ogunbowale,393,158,116,120,60,0,92,10,62,147,48,108,0.37404580152671757,0.3037974683544304,0.9310344827586207,0.4020356234096692,0.2951653944020356,0.15267175572519084,2.0,965.99,29,33.31,14.646114349009824,5.888259712833467,4.323026118282798,4.472095984430481,2.2360479922152403,0.0,3.428606921396702,0.37267466536920674,2.3105829252890815
2025,player_aziaha_james,273,111,55,59,38,0,47,36,75,106,32,41,0.3882783882783883,0.2882882882882883,0.7454545454545455,0.4065934065934066,0.20146520146520147,0.1391941391941392,1.5526315789473684,673.0179999999999,38,17.711,14.602878377695694,5.937434065656491,2.9419718343342973,3.155933422285883,2.0326350855400603,0.0,2.514048658431127,1.9256542915642674,4.011779774092224
2025,player_azura_stevens,403,194,100,94,64,0,82,74,278,204,74,79,0.5062034739454094,0.38144329896907214,0.79,0.4813895781637717,0.24813895781637718,0.1588089330024814,1.46875,1248.984,44,28.386,11.61584135585404,5.59174497031187,2.8823427682019944,2.709402202109875,1.8446993716492768,0.0,2.363521069925636,2.1329336484694763,8.012912895601545
2025,player_breanna_stewart,392,88,202,110,61,0,159,32,175,192,21,169,0.4897959183673469,0.23863636363636365,0.8366336633663366,0.22448979591836735,0.5153061224489796,0.1556122448979592,1.8032786885245902,948.011,31,30.581,14.885903222641932,3.3417333765114545,7.6707970688103835,4.177166720639318,2.3164288178090757,0.0,6.03790462346956,1.2151757732768924,6.645492510108006
2025,player_bree_hall,4,2,3,0,3,0,1,0,3,1,0,1,0.25,0.0,0.3333333333333333,0.5,0.75,0.75,0.0,17.0,4,4.25,8.470588235294118,4.235294117647059,6.352941176470589,0.0,6.352941176470589,0.0,2.1176470588235294,0.0,6.352941176470589
2025,player_bria_hartley,269,145,92,117,69,0,83,11,64,106,54,71,0.3940520446096654,0.3724137931034483,0.7717391304347826,0.5390334572490706,0.3420074349442379,0.25650557620817843,1.6956521739130435,867.0079999999999,38,22.816,11.16944711006127,6.020705691296967,3.820033955857386,4.858086661253415,2.865025466893039,0.0,3.4463349819148155,0.4567431903742526,2.6574149258138333
2025,player_brianna_turner,30,1,8,17,9,0,8,18,32,13,0,4,0.43333333333333335,0.0,0.5,0.03333333333333333,0.26666666666666666,0.3,1.8888888888888888,233.01000000000002,27,8.63,4.634994206257241,0.15449980687524137,1.235998455001931,2.626496716879104,1.3904982618771726,0.0,1.235998455001931,2.7809965237543453,4.943993820007724
2025,player_bridget_carleton,247,169,25,89,33,0,53,39,119,102,63,18,0.41295546558704455,0.3727810650887574,0.72,0.6842105263157895,0.10121457489878542,0.13360323886639677,2.696969696969697,1226.984,44,27.886,7.24703826618766,4.958499866338926,0.7335058973874151,2.6112809946991975,0.9682277845513878,0.0,1.5550325024613199,1.1442691999243673,3.491488071564096
2025,player_brionna_jones,393,47,132,98,64,0,141,137,185,230,13,102,0.5852417302798982,0.2765957446808511,0.7727272727272727,0.11959287531806616,0.33587786259541985,0.1628498727735369,1.53125,1168.992,44,26.568,12.102734663710274,1.44740083764474,4.065040650406504,3.0179847253017984,1.970928800197093,0.0,4.342202512934221,4.219019462921902,5.697216063069722
2025,player_brittney_griner,291,19,85,33,59,0,93,36,167,156,5,65,0.5360824742268041,0.2631578947368421,0.7647058823529411,0.06529209621993128,0.2920962199312715,0.2027491408934708,0.559322033898305,809.991,39,20.769,12.933477038633763,0.8444538272647474,3.7778197535528175,1.4666829631440348,2.6222513583484264,0.0,4.133379259769553,1.6000177779753109,7.422304692274359
2025,player_brittney_sykes,447,111,219,162,100,0,174,21,105,182,31,171,0.407158836689038,0.27927927927927926,0.7808219178082192,0.2483221476510067,0.4899328859060403,0.22371364653243847,1.62,1193.985,39,30.615,13.47755625070667,3.34677571326273,6.603098028869709,4.88448347341047,3.0151132551916486,0.0,5.2462970640334685,0.6331737835902462,3.1658689179512307
2025,player_caitlin_clark,187,104,50,115,66,0,57,1,64,72,29,41,0.3850267379679144,0.27884615384615385,0.82,0.5561497326203209,0.26737967914438504,0.35294117647058826,1.7424242424242424,404.00100000000003,13,31.077,16.663325090779477,9.26730379380249,4.455434516251197,10.247499387377752,5.88117356145158,0.0,5.079195348526365,0.08910869032502394,5.702956180801532
2025,player_cameron_brink,75,34,21,9,25,0,23,26,56,35,10,16,0.4666666666666667,0.29411764705882354,0.7619047619047619,0.4533333333333333,0.28,0.3333333333333333,0.36,243.99800000000002,19,12.842,11.065664472659613,5.0164345609390235,3.0983860523446913,1.3278797367191533,3.6885548242198705,0.0,3.3934704382822805,3.8360970171886652,8.26236280625251
2025,player_camryn_taylor,6,3,2,1,3,0,2,2,4,1,1,0,0.16666666666666666,0.3333333333333333,0.0,0.5,0.3333333333333333,0.5,0.3333333333333333,22.998,6,3.833,9.392121054004697,4.6960605270023486,3.1307070180015653,1.5653535090007826,4.6960605270023486,0.0,3.1307070180015653,3.1307070180015653,6.2614140360031305
2025,player_carla_leite,206,72,99,75,57,0,86,9,39,86,13,83,0.4174757281553398,0.18055555555555555,0.8383838383838383,0.34951456310679613,0.48058252427184467,0.2766990291262136,1.3157894736842106,636.9920000000001,37,17.216,11.642218426605043,4.069124886968753,5.595046719582036,4.238671757259118,3.221390535516929,0.0,4.860343614990454,0.5086406108710941,2.204109313774741
2025,player_cecilia_zandalasini,147,90,32,32,25,0,29,5,51,67,37,28,0.4557823129251701,0.4111111111111111,0.875,0.6122448979591837,0.21768707482993196,0.17006802721088435,1.28,449.99600000000004,19,23.684,11.760104534262526,7.200064000568893,2.560022755757829,2.560022755757829,2.0000177779358035,0.0,2.320020622405532,0.4000035555871607,4.0800362669890395
2025,player_chelsea_gray,377,171,104,239,125,0,81,25,148,169,63,92,0.4482758620689655,0.3684210526315789,0.8846153846153846,0.4535809018567639,0.27586206896551724,0.33156498673740054,1.912,1368.0040000000001,44,31.091,9.921023622737945,4.499986842143736,2.7368341028242607,6.289455293990367,3.2894640658945438,0.0,2.131572714699664,0.6578928131789088,3.89472545401914
2025,player_cheyenne_parker_tyus,8,2,6,0,1,0,3,0,2,5,1,5,0.625,0.5,0.8333333333333334,0.25,0.75,0.125,0.0,14.0,2,7.0,20.57142857142857,5.142857142857142,15.428571428571427,0.0,2.571428571428571,0.0,7.7142857142857135,0.0,5.142857142857142
2025,player_chloe_bibby,53,42,9,7,7,0,9,5,20,21,17,8,0.39622641509433965,0.40476190476190477,0.8888888888888888,0.7924528301886793,0.16981132075471697,0.1320754716981132,1.0,154.0,14,11.0,12.38961038961039,9.818181818181817,2.103896103896104,1.6363636363636365,1.6363636363636365,0.0,2.103896103896104,1.1688311688311688,4.675324675324675
2025,player_christyn_williams,15,4,6,3,1,0,4,2,2,6,1,4,0.4,0.25,0.6666666666666666,0.26666666666666666,0.4,0.06666666666666667,3.0,45.0,4,11.25,12.0,3.2,4.8,2.4,0.8,0.0,3.2,1.6,1.6
2025,player_courtney_vandersloot,58,23,13,37,17,0,15,2,20,29,5,11,0.5,0.21739130434782608,0.8461538461538461,0.39655172413793105,0.22413793103448276,0.29310344827586204,2.176470588235294,191.002,7,27.286,10.931822703427187,4.33503314101423,2.4502361231819565,6.973748965979414,3.2041549303148655,0.0,2.827195526748411,0.3769594035664548,3.7695940356645474
2025,player_courtney_williams,574,151,53,276,102,0,61,23,195,253,61,45,0.44076655052264807,0.40397350993377484,0.8490566037735849,0.26306620209059234,0.09233449477351917,0.17770034843205576,2.7058823529411766,1259.984,44,28.636,16.400208256612782,4.3143404995619,1.5143049435548388,7.8858144230402925,2.9143227215583694,0.0,1.7428792746574562,0.6571512019200244,5.571499320626294
2025,player_crystal_bradford,6,2,0,1,1,0,1,2,3,2,0,0,0.3333333333333333,0.0,,0.3333333333333333,0.0,0.16666666666666666,1.0,24.0,4,6.0,9.0,3.0,0.0,1.5,1.5,0.0,1.5,3.0,4.5
2025,player_damiris_dantas,171,95,28,25,29,0,29,28,63,63,25,24,0.3684210526315789,0.2631578947368421,0.8571428571428571,0.5555555555555556,0.16374269005847952,0.1695906432748538,0.8620689655172413,439.014,38,11.553,14.022331861854063,7.790184367696702,2.296054339952712,2.0500485178149215,2.3780562806653087,0.0,2.3780562806653087,2.296054339952712,5.166122264893602
2025,player_dana_evans,260,99,53,96,37,0,44,8,39,107,37,40,0.4115384615384615,0.37373737373737376,0.7547169811320755,0.38076923076923075,0.20384615384615384,0.1423076923076923,2.5945945945945947,776.996,44,17.659,12.04639406123069,4.586896200237839,2.455611097097025,4.447899345685178,1.7142945394828288,0.0,2.0386205334390395,0.3706582788070981,1.8069591091846033
2025,player_dearica_hamby,491,53,236,144,117,0,211,113,236,324,15,148,0.659877800407332,0.2830188679245283,0.6271186440677966,0.1079429735234216,0.48065173116089616,0.23828920570264767,1.2307692307692308,1373.988,44,31.227,12.864741176778836,1.3886584162307094,6.183460117555612,3.7729587157966447,3.0655289565847736,0.0,5.528432562729805,2.960724547812645,6.183460117555612
2025,player_dewanna_bonner,239,115,86,38,28,0,67,29,108,105,40,75,0.4393305439330544,0.34782608695652173,0.872093023255814,0.4811715481171548,0.3598326359832636,0.11715481171548117,1.3571428571428572,778.008,33,23.576,11.059012246660702,5.321282043372304,3.9793935280871144,1.7583366752012832,1.295616497516735,0.0,3.100225190486473,1.3418885152851896,4.99737791899312
2025,player_diamond_miller,123,50,46,31,34,0,33,11,41,54,17,35,0.43902439024390244,0.34,0.7608695652173914,0.4065040650406504,0.37398373983739835,0.2764227642276423,0.9117647058823529,434.0,40,10.85,10.202764976958525,4.147465437788019,3.815668202764977,2.571428571428571,2.8202764976958523,0.0,2.7373271889400925,0.9124423963133641,3.400921658986175
2025,player_dijonai_carrington,244,66,82,48,59,0,81,48,76,107,23,66,0.4385245901639344,0.3484848484848485,0.8048780487804879,0.27049180327868855,0.3360655737704918,0.24180327868852458,0.8135593220338984,679.985,31,21.935,12.917932013206173,3.4941947248836374,4.341272233946337,2.5412325271880998,3.1235983146687056,0.0,4.288329889629918,2.5412325271880998,4.0236181680478245
2025,player_dominique_malonga,233,18,51,36,48,0,48,54,141,145,4,29,0.6223175965665236,0.2222222222222222,0.5686274509803921,0.07725321888412018,0.21888412017167383,0.20600858369098712,0.75,600.012,42,14.286,13.97972040559189,1.0799784004319914,3.059938801223976,2.159956800863983,2.879942401151977,0.0,2.879942401151977,3.2399352012959746,8.459830803383932
2025,player_elizabeth_kitley,19,1,2,1,7,0,6,4,13,7,0,1,0.3684210526315789,0.0,0.5,0.05263157894736842,0.10526315789473684,0.3684210526315789,0.14285714285714285,98.00399999999999,12,8.167,6.979306967062569,0.3673319456348721,0.7346638912697442,0.3673319456348721,2.5713236194441045,0.0,2.2039916738092327,1.4693277825394884,4.775315293253337
2025,player_elizabeth_williams,288,0,81,78,56,0,82,79,144,157,0,50,0.5451388888888888,,0.6172839506172839,0.0,0.28125,0.19444444444444445,1.3928571428571428,906.01,43,21.07,11.44358230041611,0.0,3.218507521992031,3.0993035396960296,2.225141002858688,0.0,3.258242182757365,3.1390382004613637,5.721791150208055
2025,player_emily_engstler,131,63,36,58,38,0,29,37,93,53,16,24,0.40458015267175573,0.25396825396825395,0.6666666666666666,0.48091603053435117,0.2748091603053435,0.2900763358778626,1.5263157894736843,512.0,40,12.8,9.2109375,4.4296875,2.53125,4.078125,2.671875,0.0,2.0390625,2.6015625,6.5390625
2025,player_emma_cannon,60,36,23,8,16,0,21,11,27,32,14,15,0.5333333333333333,0.3888888888888889,0.6521739130434783,0.6,0.38333333333333336,0.26666666666666666,0.5,213.00300000000001,21,10.143,10.14070224363037,6.084421346178222,3.887269193391642,1.3520936324840496,2.704187264968099,0.0,3.54924578527063,1.859128744665568,4.563316009633667
2025,player_emma_meesseman,152,21,37,54,36,0,41,22,65,91,14,32,0.5986842105263158,0.6666666666666666,0.8648648648648649,0.13815789473684212,0.24342105263157895,0.23684210526315788,1.5,439.994,17,25.882,12.436533225453074,1.7182052482533852,3.027314008827393,4.418242066937276,2.9454947112915173,0.0,3.354591198970895,1.8000245457892607,5.318254339831906
2025,player_erica_wheeler,405,202,50,144,68,0,82,17,102,168,76,43,0.4148148148148148,0.37623762376237624,0.86,0.49876543209876545,0.12345679012345678,0.16790123456790124,2.1176470588235294,1126.0040000000001,44,25.591,12.948444232880167,6.458236382819243,1.5985733620839713,4.603891282801837,2.174059772434201,0.0,2.6216603138177126,0.5435149431085502,3.2610896586513007
2025,player_ezi_magbegor,257,48,83,92,43,0,71,85,187,141,14,57,0.5486381322957199,0.2916666666666667,0.6867469879518072,0.1867704280155642,0.3229571984435798,0.16731517509727625,2.13953488372093,1203.0040000000001,44,27.341,7.690747495436423,1.4364042014822893,2.483782265063125,2.753108052841054,1.286778763827884,0.0,2.1246812146925524,2.5436324401248873,5.595991368274751
2025,player_gabby_williams,460,172,77,190,85,0,73,24,165,203,54,66,0.44130434782608696,0.313953488372093,0.8571428571428571,0.3739130434782609,0.1673913043478261,0.18478260869565216,2.235294117647059,1391.016,44,31.614,11.904967304473852,4.451422557325005,1.9927880053141012,4.917269104021808,2.1998309149571247,0.0,1.8892665504925894,0.6211287289290706,4.27026001138736
2025,player_grace_berger,81,22,15,58,21,0,19,12,51,26,2,10,0.32098765432098764,0.09090909090909091,0.6666666666666666,0.2716049382716049,0.18518518518518517,0.25925925925925924,2.761904761904762,418.0,19,22.0,6.976076555023924,1.894736842105263,1.291866028708134,4.9952153110047846,1.8086124401913874,0.0,1.6363636363636365,1.0334928229665072,4.392344497607655
2025,player_hailey_van_lith,100,29,31,45,36,0,32,4,27,37,5,23,0.37,0.1724137931034483,0.7419354838709677,0.29,0.31,0.36,1.25,360.992,29,12.448,9.972520166651893,2.892030848329049,3.0914812516620866,4.487634074993352,3.590107259994681,0.0,3.1912064533286055,0.3989008066660757,2.6925804449960107
2025,player_haley_jones,169,39,35,64,48,0,31,18,80,85,12,22,0.5029585798816568,0.3076923076923077,0.6285714285714286,0.23076923076923078,0.20710059171597633,0.28402366863905326,1.3333333333333333,593.992,28,21.214,10.242562189389757,2.3636681975514824,2.1212406901103047,3.8788401190588426,2.9091300892941323,0.0,1.878813182669127,1.0909237834852994,4.848550148823554
2025,player_haley_peters,76,39,13,25,22,0,23,25,49,25,8,10,0.32894736842105265,0.20512820512820512,0.7692307692307693,0.5131578947368421,0.17105263157894737,0.2894736842105263,1.1363636363636365,379.995,33,11.515,7.2000947380886595,3.6947854577033907,1.231595152567797,2.3684522164765323,2.084237950499349,0.0,2.17897603915841,2.3684522164765323,4.642166344294004
2025,player_iliana_rupert,144,103,16,33,20,0,22,21,60,67,46,15,0.4652777777777778,0.44660194174757284,0.9375,0.7152777777777778,0.1111111111111111,0.1388888888888889,1.65,486.00300000000004,21,23.143,10.666600823451706,7.629582533441151,1.1851778692724118,2.4444293553743495,1.4814723365905147,0.0,1.6296195702495662,1.5555459534200404,4.444417009771544
2025,player_isabelle_harrison,121,15,43,24,23,0,31,29,60,65,4,33,0.5371900826446281,0.26666666666666666,0.7674418604651163,0.12396694214876033,0.35537190082644626,0.19008264462809918,1.0434782608695652,359.99199999999996,34,10.588,12.100268894864332,1.5000333340740908,4.30009555767906,2.400053334518545,2.300051112246939,0.0,3.100068890419787,2.9000644458765756,6.000133336296363
2025,player_jackie_young,532,221,142,226,98,0,119,52,144,260,80,127,0.48872180451127817,0.36199095022624433,0.8943661971830986,0.41541353383458646,0.2669172932330827,0.18421052631578946,2.306122448979592,1336.016,44,30.364,14.33515766278248,5.955018502772422,3.8263014814193843,6.089747428174513,2.640686937880983,0.0,3.2065484245697653,1.4011808241817463,3.8801930515802203
2025,player_jacy_sheldon,169,89,25,56,31,0,28,22,35,83,36,22,0.4911242603550296,0.4044943820224719,0.88,0.5266272189349113,0.14792899408284024,0.1834319526627219,1.8064516129032258,708.0,30,23.6,8.59322033898305,4.52542372881356,1.271186440677966,2.8474576271186445,1.576271186440678,0.0,1.4237288135593222,1.1186440677966103,1.7796610169491527
2025,player_jade_melbourne,213,95,73,124,72,0,79,17,63,90,26,49,0.4225352112676056,0.2736842105263158,0.6712328767123288,0.4460093896713615,0.3427230046948357,0.3380281690140845,1.7222222222222223,1008.006,43,23.442,7.607097576800139,3.3928369473991227,2.607127338527747,4.428545068184118,2.57141326539723,0.0,2.8214117773108494,0.6071392432187903,2.249986607222576
2025,player_jaelyn_brown,37,18,2,1,5,0,5,4,8,14,8,1,0.3783783783783784,0.4444444444444444,0.5,0.4864864864864865,0.05405405405405406,0.13513513513513514,0.2,131.0,10,13.1,10.16793893129771,4.9465648854961835,0.549618320610687,0.2748091603053435,1.3740458015267176,0.0,1.3740458015267176,1.099236641221374,2.198473282442748
2025,player_janelle_sala_n,355,171,62,43,53,0,75,32,151,147,63,50,0.4140845070422535,0.3684210526315789,0.8064516129032258,0.48169014084507045,0.17464788732394365,0.14929577464788732,0.8113207547169812,973.0079999999999,36,27.028,13.13452715702235,6.326772236199497,2.2939174189729172,1.5909427260618618,1.9609294065413647,0.0,2.7749001035962704,1.183957377534409,5.586798875240492
2025,player_jaylyn_sherrod,23,12,13,12,12,0,18,2,13,9,3,9,0.391304347826087,0.25,0.6923076923076923,0.5217391304347826,0.5652173913043478,0.5217391304347826,1.0,142.012,26,5.462,5.830493197757936,3.0419964510041404,3.2954961552544852,3.0419964510041404,3.0419964510041404,0.0,4.56299467650621,0.5069994085006901,3.2954961552544852
2025,player_jessica_shepard,189,1,103,103,58,0,83,92,201,132,0,56,0.6984126984126984,0.0,0.5436893203883495,0.005291005291005291,0.544973544973545,0.30687830687830686,1.7758620689655173,835.0,40,20.875,8.148502994011977,0.04311377245508982,4.440718562874252,4.440718562874252,2.50059880239521,0.0,3.578443113772455,3.9664670658682635,8.665868263473055
2025,player_jewell_loyd,414,261,71,81,53,0,87,49,93,166,100,59,0.40096618357487923,0.3831417624521073,0.8309859154929577,0.6304347826086957,0.17149758454106281,0.1280193236714976,1.528301886792453,1244.98,44,28.295,11.97127664701441,7.547109190509084,2.053045028835805,2.3422063005028195,1.5325547398351782,0.0,2.5157030635030284,1.4168902311683722,2.6891998265032373
2025,player_jj_quinerly,167,53,45,78,52,0,54,18,45,80,21,39,0.47904191616766467,0.39622641509433965,0.8666666666666667,0.31736526946107785,0.2694610778443114,0.31137724550898205,1.5,539.002,34,15.853,11.153947480714358,3.5398755477716226,3.0055547103721327,5.2096281646450295,3.4730854430966867,0.0,3.606665652446559,1.202221884148853,3.0055547103721327
2025,player_jonquel_jones,293,125,91,85,65,0,95,45,206,150,53,70,0.5119453924914675,0.424,0.7692307692307693,0.42662116040955633,0.310580204778157,0.22184300341296928,1.3076923076923077,829.994,31,26.774,12.708525603799545,5.421725940187519,3.947016484456514,3.686773639327513,2.81929748889751,0.0,4.1205117145425145,1.9518213384675067,8.935004349429033
2025,player_jordin_canada,259,86,96,159,62,0,77,8,83,108,25,73,0.416988416988417,0.29069767441860467,0.7604166666666666,0.33204633204633205,0.37065637065637064,0.23938223938223938,2.564516129032258,782.992,28,27.964,11.908167644113862,3.954063387620819,4.413838200134868,7.310419518973374,2.850603837587102,0.0,3.540266056358175,0.36781985001123896,3.8161309438666042
2025,player_joyner_holmes,12,5,0,0,2,0,0,2,4,3,1,0,0.25,0.2,,0.4166666666666667,0.0,0.16666666666666666,0.0,28.998,6,4.833,14.8975791433892,6.207324643078833,0.0,0.0,2.4829298572315333,0.0,0.0,2.4829298572315333,4.9658597144630665
2025,player_julie_allemand,158,101,19,170,53,0,17,13,114,70,28,15,0.4430379746835443,0.27722772277227725,0.7894736842105263,0.6392405063291139,0.12025316455696203,0.33544303797468356,3.207547169811321,963.0160000000001,34,28.324,5.90644392201168,3.7756382033112637,0.7102685729001387,6.35503459963282,1.9812754928267027,0.0,0.6355034599632821,0.48597323408956855,4.261611437400832
2025,player_julie_vanloo,109,90,10,68,49,0,22,4,28,33,25,8,0.30275229357798167,0.2777777777777778,0.8,0.8256880733944955,0.09174311926605505,0.44954128440366975,1.3877551020408163,449.01500000000004,35,12.829,8.739128982327983,7.21579457256439,0.8017549525071546,5.45193367704865,3.928599267285057,0.0,1.76386089551574,0.3207019810028618,2.2449138670200326
2025,player_kahleah_copper,333,148,88,43,62,0,77,11,70,153,57,75,0.4594594594594595,0.38513513513513514,0.8522727272727273,0.4444444444444444,0.26426426426426425,0.18618618618618618,0.6935483870967742,751.996,28,26.857,15.941574157309349,7.085144069915266,4.212788365895563,2.0585215878807865,2.968100894153692,0.0,3.686189820158618,0.5265985457369454,3.3510816546896525
2025,player_kaila_charles,171,72,49,35,38,0,45,46,103,79,25,40,0.4619883040935672,0.3472222222222222,0.8163265306122449,0.42105263157894735,0.28654970760233917,0.2222222222222222,0.9210526315789473,616.0,35,17.6,9.993506493506494,4.207792207792208,2.8636363636363638,2.0454545454545454,2.220779220779221,0.0,2.6298701298701297,2.688311688311688,6.019480519480519
2025,player_kaitlyn_chen,46,15,7,24,18,0,9,5,17,19,5,5,0.41304347826086957,0.3333333333333333,0.7142857142857143,0.32608695652173914,0.15217391304347827,0.391304347826087,1.3333333333333333,247.00799999999998,24,10.292,6.704236300038866,2.186164010882239,1.0202098717450447,3.4978624174115818,2.623396813058686,0.0,1.311698406529343,0.7287213369607463,2.4776525456665373
2025,player_kalani_brown,87,8,35,16,23,0,26,36,81,59,3,27,0.6781609195402298,0.375,0.7714285714285715,0.09195402298850575,0.40229885057471265,0.26436781609195403,0.6956521739130435,370.011,29,12.759,8.464613214201739,0.7783552380875163,3.405304166632884,1.5567104761750326,2.237771309501609,0.0,2.529654523784428,3.5025985713938232,7.880846785636102
2025,player_kamilla_cardoso,380,2,133,98,97,0,118,118,223,223,1,96,0.5868421052631579,0.5,0.7218045112781954,0.005263157894736842,0.35,0.25526315789473686,1.0103092783505154,1102.0,40,27.55,12.413793103448278,0.06533575317604355,4.344827586206897,3.2014519056261346,3.1687840290381124,0.0,3.85480943738657,3.85480943738657,7.284936479128857
2025,player_kariata_diaby,10,0,14,5,12,0,12,3,10,7,0,11,0.7,,0.7857142857142857,0.0,1.4,1.2,0.4166666666666667,102.999,13,7.923,3.4951795648501442,0.0,4.893251390790202,1.7475897824250721,4.1942154778201735,0.0,4.1942154778201735,1.0485538694550434,3.4951795648501442
2025,player_karlie_samuelson,41,34,14,17,11,0,20,3,17,14,12,13,0.34146341463414637,0.35294117647058826,0.9285714285714286,0.8292682926829268,0.34146341463414637,0.2682926829268293,1.5454545454545454,228.0,16,14.25,6.473684210526316,5.368421052631579,2.2105263157894735,2.6842105263157894,1.7368421052631577,0.0,3.1578947368421053,0.47368421052631576,2.6842105263157894
2025,player_kate_martin,247,179,41,40,34,0,28,20,92,86,57,32,0.3481781376518219,0.31843575418994413,0.7804878048780488,0.7246963562753036,0.1659919028340081,0.13765182186234817,1.1764705882352942,686.9939999999999,42,16.357,12.943344483357935,9.379994585105548,2.1484903798286448,2.0960881754425804,1.7816749491261936,0.0,1.4672617228098064,1.0480440877212902,4.821002803517936
2025,player_kathryn_westbeld,205,131,32,39,24,0,21,30,79,77,42,25,0.375609756097561,0.32061068702290074,0.78125,0.6390243902439025,0.15609756097560976,0.11707317073170732,1.625,792.017,43,18.419,9.31798181099648,5.9544176450758,1.4545142339116457,1.7726892225798183,1.0908856754337344,0.0,0.9545249660045175,1.3636070942921679,3.5908320149693753
2025,player_kayla_mcbride,433,273,108,137,68,0,82,11,81,182,107,98,0.42032332563510394,0.39194139194139194,0.9074074074074074,0.6304849884526559,0.24942263279445728,0.15704387990762125,2.014705882352941,1219.998,39,31.282,12.77707012634447,8.055750911067067,3.1868904703122465,4.042629578081275,2.006560666492896,0.0,2.4196760978296687,0.3245906960503214,2.390167852734185
2025,player_kayla_thornton,280,152,84,38,36,0,54,44,121,105,43,70,0.375,0.28289473684210525,0.8333333333333334,0.5428571428571428,0.3,0.12857142857142856,1.0555555555555556,662.0020000000001,22,30.091,15.226540101087306,8.265836054875965,4.567962030326192,2.0664590137189913,1.9576980129969395,0.0,2.9365470194954093,2.392742015885148,6.580040543684158
2025,player_kelsey_mitchell,679,288,191,152,78,0,160,18,61,323,114,150,0.47569955817378495,0.3958333333333333,0.7853403141361257,0.42415316642120765,0.2812960235640648,0.11487481590574374,1.9487179487179487,1380.984,44,31.386,17.700422307571994,7.5076901687492406,4.97905841052467,3.9623920335065432,2.0333327540362527,0.0,4.170938982638466,0.46923063554682753,1.5901704871309155
2025,player_kelsey_plum,600,284,245,250,133,0,211,11,126,268,100,219,0.44666666666666666,0.352112676056338,0.8938775510204081,0.47333333333333333,0.4083333333333333,0.22166666666666668,1.8796992481203008,1508.01,43,35.07,14.323512443551435,6.77979588994768,5.848767581116836,5.9681301848130985,3.175045258320568,0.0,5.0371018759822555,0.2625977281317763,3.0079376131458018
2025,player_kennedy_burke,207,111,54,45,34,0,47,21,64,102,46,41,0.4927536231884058,0.4144144144144144,0.7592592592592593,0.5362318840579711,0.2608695652173913,0.1642512077294686,1.3235294117647058,779.004,36,21.639,9.56606127824761,5.1296270622487175,2.4954942464993763,2.0795785387494803,1.5712371181662739,0.0,2.17200425158279,0.9704699847497574,2.957622810665927
2025,player_kia_nurse,274,180,62,55,55,0,76,18,85,103,61,49,0.3759124087591241,0.3388888888888889,0.7903225806451613,0.656934306569343,0.22627737226277372,0.20072992700729927,1.0,962.0160000000001,44,21.864,10.253467717792635,6.73585470511925,2.320127731763297,2.058177826564215,2.058177826564215,0.0,2.8440275421614607,0.6735854705119249,3.1808202774174235
2025,player_kiah_stokes,49,23,8,17,16,0,14,29,115,18,3,5,0.3673469387755102,0.13043478260869565,0.625,0.46938775510204084,0.16326530612244897,0.32653061224489793,1.0625,514.0,40,12.85,3.431906614785992,1.6108949416342413,0.5603112840466926,1.1906614785992218,1.1206225680933852,0.0,0.9805447470817121,2.0311284046692606,8.054474708171206
2025,player_kiana_williams,39,26,4,10,6,0,4,0,11,17,9,2,0.4358974358974359,0.34615384615384615,0.5,0.6666666666666666,0.10256410256410256,0.15384615384615385,1.6666666666666667,106.997,11,9.727,13.121863229810183,8.747908819873455,1.3458321261343777,3.364580315335944,2.0187481892015664,0.0,1.3458321261343777,0.0,3.7010383468695385
2025,player_kierstan_bell,151,102,15,23,17,0,13,20,42,52,30,12,0.3443708609271523,0.29411764705882354,0.8,0.6754966887417219,0.09933774834437085,0.11258278145695365,1.3529411764705883,427.0,35,12.2,12.730679156908666,8.599531615925057,1.2646370023419202,1.9391100702576112,1.4332552693208431,0.0,1.0960187353629975,1.6861826697892273,3.540983606557377
2025,player_kiki_iriafen,434,18,177,70,98,0,144,118,268,229,4,139,0.5276497695852534,0.2222222222222222,0.7853107344632768,0.041474654377880185,0.4078341013824885,0.22580645161290322,0.7142857142857143,1185.008,44,26.932,13.184721115806813,0.5468317513468264,5.377178888243792,2.1265679219043245,2.9771950906660543,0.0,4.374654010774611,3.5847859254958614,8.141717186719415
2025,player_kitija_laksa,175,117,32,21,19,0,31,11,29,66,38,26,0.37714285714285717,0.3247863247863248,0.8125,0.6685714285714286,0.18285714285714286,0.10857142857142857,1.105263157894737,626.01,33,18.97,10.063737001006373,6.7283270235299755,1.840226194469737,1.2076484401207648,1.0926343029664063,0.0,1.7827191258925577,0.6325777543489721,1.667704988738199
2025,player_kyara_linskens,5,1,0,1,2,0,1,1,5,2,0,0,0.4,0.0,,0.2,0.0,0.4,0.5,27.0,4,6.75,6.666666666666666,1.3333333333333333,0.0,1.3333333333333333,2.6666666666666665,0.0,1.3333333333333333,1.3333333333333333,6.666666666666666
2025,player_laeticia_amihere,100,20,63,27,32,0,44,35,90,52,3,49,0.52,0.15,0.7777777777777778,0.2,0.63,0.32,0.84375,385.004,29,13.276,9.350552202055043,1.8701104404110087,5.890847887294678,2.524649094554862,2.9921767046576138,0.0,4.114242968904219,3.272693270719265,8.41549698184954
2025,player_le_la_lacan,212,67,42,92,47,0,42,17,42,104,15,36,0.49056603773584906,0.22388059701492538,0.8571428571428571,0.3160377358490566,0.19811320754716982,0.22169811320754718,1.9574468085106382,665.0,25,26.6,11.476691729323308,3.6270676691729324,2.2736842105263158,4.980451127819549,2.5443609022556393,0.0,2.2736842105263158,0.9203007518796993,2.2736842105263158
2025,player_leonie_fiebich,216,119,62,64,45,0,62,23,108,108,51,54,0.5,0.42857142857142855,0.8709677419354839,0.5509259259259259,0.28703703703703703,0.20833333333333334,1.4222222222222223,1040.9950000000001,37,28.135,7.469776511894868,4.115293541275414,2.144102517303157,2.2132671146355167,1.5562034399780977,0.0,2.144102517303157,0.7953928693221388,3.734888255947434
2025,player_lexi_held,147,86,19,32,26,0,31,10,22,58,27,16,0.3945578231292517,0.313953488372093,0.8421052631578947,0.5850340136054422,0.1292517006802721,0.17687074829931973,1.2307692307692308,471.008,32,14.719,11.235477953665331,6.573136762008288,1.4522046334669476,2.4458183300495957,1.9872273931652966,0.0,2.369386507235546,0.7643182281404988,1.6815001019090972
2025,player_lexie_brown,47,37,10,23,6,0,6,2,15,17,10,7,0.3617021276595745,0.2702702702702703,0.7,0.7872340425531915,0.2127659574468085,0.1276595744680851,3.8333333333333335,226.99200000000002,24,9.458,7.454007189680692,5.868048213152886,1.585958976527807,3.6477056460139563,0.9515753859166842,0.0,0.9515753859166842,0.3171917953055614,2.3789384647917102
2025,player_lexie_hull,280,148,36,79,41,0,72,62,128,118,55,26,0.42142857142857143,0.3716216216216216,0.7222222222222222,0.5285714285714286,0.12857142857142856,0.14642857142857144,1.9268292682926829,1189.012,44,27.023,8.477626802757248,4.481031310028831,1.0899805889259317,2.3919018479207947,1.241366781832311,0.0,2.1799611778518635,1.8771887920391048,3.875486538403313
2025,player_li_yueru,135,55,50,29,30,0,64,52,89,62,20,43,0.45925925925925926,0.36363636363636365,0.86,0.4074074074074074,0.37037037037037035,0.2222222222222222,0.9666666666666667,519.0020000000001,31,16.742,9.36412576444792,3.8150142003306344,3.468194727573304,2.011552941992516,2.0809168365439823,0.0,4.439289251293829,3.606922516676236,6.173386615080481
2025,player_liatu_king,23,6,15,4,11,0,9,12,17,13,1,11,0.5652173913043478,0.16666666666666666,0.7333333333333333,0.2608695652173913,0.6521739130434783,0.4782608695652174,0.36363636363636365,135.996,14,9.714,6.088414365128386,1.5882820082943616,3.970705020735904,1.0588546721962409,2.9118503485396623,0.0,2.382423012441542,3.1765640165887232,4.5001323568340235
2025,player_lindsay_allen,63,18,23,61,31,0,32,9,23,26,3,19,0.4126984126984127,0.16666666666666666,0.8260869565217391,0.2857142857142857,0.36507936507936506,0.49206349206349204,1.967741935483871,449.996,31,14.516,5.040044800398226,1.4400128001137789,1.8400163557009397,4.880043378163362,2.480022044640397,0.0,2.5600227557578292,0.7200064000568894,1.8400163557009397
2025,player_lucy_olsen,153,69,17,49,21,0,22,11,37,66,19,14,0.43137254901960786,0.2753623188405797,0.8235294117647058,0.45098039215686275,0.1111111111111111,0.13725490196078433,2.3333333333333335,507.99,41,12.39,10.842733124667808,4.889860036614894,1.2047481249630898,3.4725093013642,1.4882182720132284,0.0,1.559085808775763,0.7795429043878815,2.6220988602137836
2025,player_luisa_geiselsoder,173,93,11,44,28,0,15,24,109,76,31,9,0.4393063583815029,0.3333333333333333,0.8181818181818182,0.5375722543352601,0.06358381502890173,0.16184971098265896,1.5714285714285714,628.012,28,22.429,9.917007955262001,5.331108322770903,0.6305611994675262,2.522244797870105,1.605064871371885,0.0,0.8598561810920811,1.3757698897473298,6.248288249269123
2025,player_mackenzie_holmes,7,0,0,2,0,0,2,3,6,5,0,0,0.7142857142857143,,,0.0,0.0,0.0,,58.0,10,5.8,4.344827586206897,0.0,0.0,1.2413793103448276,0.0,0.0,1.2413793103448276,1.8620689655172413,3.7241379310344827
2025,player_maddy_siegrist,254,80,58,21,14,0,39,52,59,132,26,40,0.5196850393700787,0.325,0.6896551724137931,0.31496062992125984,0.2283464566929134,0.05511811023622047,1.5,702.0,26,27.0,13.025641025641026,4.102564102564102,2.974358974358974,1.0769230769230769,0.717948717948718,0.0,2.0,2.6666666666666665,3.0256410256410255
2025,player_maddy_westbeld,100,43,16,23,16,0,13,21,41,38,17,14,0.38,0.3953488372093023,0.875,0.43,0.16,0.16,1.4375,353.99,26,13.615,10.16977880731094,4.373004887143704,1.6271646091697505,2.339049125681516,1.6271646091697505,0.0,1.3220712449504224,2.1356535495352973,4.169609310997486
2025,player_madison_scott,9,1,4,2,1,0,3,1,0,5,0,4,0.5555555555555556,0.0,1.0,0.1111111111111111,0.4444444444444444,0.1111111111111111,2.0,46.998000000000005,9,5.222,6.89391037916507,0.7659900421294522,3.063960168517809,1.5319800842589044,0.7659900421294522,0.0,2.297970126388357,0.7659900421294522,0.0
2025,player_makayla_timpson,49,0,27,1,8,0,25,18,39,32,0,18,0.6530612244897959,,0.6666666666666666,0.0,0.5510204081632653,0.16326530612244897,0.125,219.01500000000001,31,7.065,8.054242860078077,0.0,4.438052188206287,0.1643723032668995,1.314978426135196,0.0,4.109307581672487,2.9587014588041916,6.410519827409081
2025,player_mamignan_tour,39,22,0,9,8,0,1,4,3,14,8,0,0.358974358974359,0.36363636363636365,,0.5641025641025641,0.0,0.20512820512820512,1.125,147.006,18,8.167,9.550630586506674,5.38753520264479,0.0,2.203991673809232,1.9591037100526507,0.0,0.24488796375658134,0.9795518550263254,0.7346638912697441
2025,player_mari_me_badiane,3,1,0,0,2,0,0,1,0,0,0,0,0.0,0.0,,0.3333333333333333,0.0,0.6666666666666666,0.0,11.001,3,3.667,9.81728933733297,3.2724297791109898,0.0,0.0,6.5448595582219795,0.0,0.0,3.2724297791109898,0.0
2025,player_maria_kliundikova,124,25,21,16,23,0,21,43,59,64,8,12,0.5161290322580645,0.32,0.5714285714285714,0.20161290322580644,0.1693548387096774,0.18548387096774194,0.6956521739130435,373.014,34,10.971,11.967379240457463,2.412778072672875,2.0267335810452156,1.5441779665106403,2.2197558268590454,0.0,2.0267335810452156,4.149978284997346,5.6941562515079855
2025,player_marina_mabrey,465,240,92,141,98,0,128,17,129,179,66,80,0.3849462365591398,0.275,0.8695652173913043,0.5161290322580645,0.1978494623655914,0.210752688172043,1.4387755102040816,1102.99,35,31.514,15.176928167979764,7.833253247989555,3.002747078395996,4.602036283193864,3.198578409595735,0.0,4.17773506559443,0.5548554383992602,4.210373620794386
2025,player_marine_johannes,245,185,19,70,52,0,20,13,71,100,65,16,0.40816326530612246,0.35135135135135137,0.8421052631578947,0.7551020408163265,0.07755102040816327,0.21224489795918366,1.3461538461538463,803.0,44,18.25,10.983810709838107,8.293897882938978,0.8518057285180574,3.1382316313823164,2.331257783312578,0.0,0.896637608966376,0.5828144458281445,3.1830635118306354
2025,player_marquesha_davis,8,3,7,1,6,0,5,3,4,2,0,6,0.25,0.0,0.8571428571428571,0.375,0.875,0.75,0.16666666666666666,51.997,11,4.727,5.538781083524049,2.0770429063215183,4.846433448083543,0.6923476354405061,4.154085812643037,0.0,3.461738177202531,2.0770429063215183,2.7693905417620246
2025,player_maya_caldwell,191,110,20,74,40,0,26,33,94,83,39,16,0.43455497382198954,0.35454545454545455,0.8,0.5759162303664922,0.10471204188481675,0.2094240837696335,1.85,760.0169999999999,41,18.537,9.047166050233088,5.210409767149946,0.9473472303908992,3.505184752446327,1.8946944607817984,0.0,1.2315513995081688,1.5631229301449836,4.452531982837226
2025,player_megan_gustafson,57,39,15,5,6,0,14,8,28,20,13,7,0.3508771929824561,0.3333333333333333,0.4666666666666667,0.6842105263157895,0.2631578947368421,0.10526315789473684,0.8333333333333334,226.0,20,11.3,9.079646017699115,6.212389380530973,2.3893805309734515,0.7964601769911505,0.9557522123893805,0.0,2.230088495575221,1.2743362831858407,4.460176991150442
2025,player_megan_mcconnell,3,2,0,3,0,0,2,1,0,1,1,0,0.3333333333333333,0.5,,0.6666666666666666,0.0,0.0,,13.0,1,13.0,8.307692307692308,5.538461538461538,0.0,8.307692307692308,0.0,0.0,5.538461538461538,2.769230769230769,0.0
2025,player_mercedes_russell,24,0,14,12,7,0,8,10,14,12,0,10,0.5,,0.7142857142857143,0.0,0.5833333333333334,0.2916666666666667,1.7142857142857142,163.0,20,8.15,5.300613496932516,0.0,3.0920245398773005,2.650306748466258,1.5460122699386503,0.0,1.7668711656441718,2.208588957055215,3.0920245398773005
2025,player_michaela_onyenwere,189,67,51,48,56,0,41,17,52,89,24,43,0.4708994708994709,0.3582089552238806,0.8431372549019608,0.3544973544973545,0.2698412698412698,0.2962962962962963,0.8571428571428571,711.0179999999999,42,16.929,9.569377990430622,3.3923191817928666,2.582213108528898,2.4303182197919044,2.835371256423888,0.0,2.075896812738918,0.860737702842966,2.632844738107896
2025,player_monique_akoa_makani,258,121,41,111,55,0,56,25,66,114,49,38,0.4418604651162791,0.4049586776859504,0.926829268292683,0.4689922480620155,0.15891472868217055,0.2131782945736434,2.018181818181818,881.008,41,21.488,10.54246953489639,4.944336487296369,1.6753536857781086,4.535713637106587,2.2474256760438043,0.0,2.2882879610627826,1.0215571254744564,2.6969108112525655
2025,player_monique_billings,141,36,53,14,21,0,50,37,79,72,10,36,0.5106382978723404,0.2777777777777778,0.6792452830188679,0.2553191489361702,0.375886524822695,0.14893617021276595,0.6666666666666666,474.00600000000003,26,18.231,10.708725206010051,2.7341426057898,4.025265502968317,1.0632776800293666,1.59491652004405,0.0,3.7974202858191664,2.8100910115061835,5.9999240515942835
2025,player_moriah_jefferson,8,3,0,9,2,0,0,0,5,3,1,0,0.375,0.3333333333333333,,0.375,0.0,0.25,4.5,35.0,5,7.0,8.228571428571428,3.085714285714286,0.0,9.257142857142856,2.057142857142857,0.0,0.0,0.0,5.142857142857142
2025,player_murjanatu_musa,33,2,11,7,7,0,13,18,13,16,1,7,0.48484848484848486,0.5,0.6363636363636364,0.06060606060606061,0.3333333333333333,0.21212121212121213,1.0,122.00399999999999,12,10.167,9.737385659486574,0.5901445854234288,3.2457952198288584,2.0655060489820007,2.0655060489820007,0.0,3.8359398052522873,5.311301268810858,3.8359398052522873
2025,player_myisha_hines_allen,233,60,83,116,87,0,69,58,182,112,16,62,0.48068669527896996,0.26666666666666666,0.7469879518072289,0.2575107296137339,0.3562231759656652,0.37339055793991416,1.3333333333333333,882.0,40,22.05,9.510204081632653,2.4489795918367347,3.3877551020408165,4.73469387755102,3.5510204081632653,0.0,2.816326530612245,2.36734693877551,7.428571428571428
2025,player_nalyssa_smith,244,27,108,33,51,0,98,74,157,134,8,66,0.5491803278688525,0.2962962962962963,0.6111111111111112,0.11065573770491803,0.4426229508196721,0.20901639344262296,0.6470588235294118,955.98,45,21.244,9.188476746375448,1.0167576727546601,4.0670306910186405,1.2427038222556956,1.9205422707588025,0.0,3.690453775183581,2.786669177179439,5.912257578610432
2025,player_napheesa_collier,509,128,177,106,71,0,185,67,183,288,54,161,0.5658153241650294,0.421875,0.9096045197740112,0.25147347740667975,0.3477406679764244,0.13948919449901767,1.4929577464788732,1065.009,33,32.273,17.205488404323344,4.326723999515497,5.983048030580023,3.5830683120987707,2.399979718481252,0.0,6.2534682805497415,2.264769593496393,6.185863218057312
2025,player_natasha_cloud,341,153,69,211,77,0,58,14,137,151,52,60,0.44281524926686217,0.33986928104575165,0.8695652173913043,0.44868035190615835,0.20234604105571846,0.22580645161290322,2.74025974025974,1191.009,41,29.049,10.307226897529741,4.624650191560265,2.085626556978159,6.377785558295529,2.3274383317002645,0.0,1.753135366735264,0.42317060576368437,4.141026642116055
2025,player_natasha_howard,343,33,132,66,85,0,112,86,204,200,6,94,0.5830903790087464,0.18181818181818182,0.7121212121212122,0.09620991253644315,0.3848396501457726,0.2478134110787172,0.7764705882352941,1060.0040000000001,44,24.091,11.649012645235299,1.1207504877340084,4.483001950936034,2.241500975468017,2.88678155931487,0.0,3.803759231097241,2.9207436953068098,6.928275742355689
2025,player_natasha_mack,117,4,36,30,15,0,31,78,119,71,0,17,0.6068376068376068,0.0,0.4722222222222222,0.03418803418803419,0.3076923076923077,0.1282051282051282,2.0,623.0160000000001,34,18.324,6.760661042413035,0.2311337108517277,2.0802033976655494,1.7335028313879577,0.8667514156939788,0.0,1.7912862591008898,4.50710736160869,6.876227897838899
2025,player_natisha_hiedeman,291,121,67,118,54,0,57,11,71,151,46,51,0.5189003436426117,0.38016528925619836,0.7611940298507462,0.41580756013745707,0.23024054982817868,0.18556701030927836,2.185185185185185,833.0079999999999,44,18.932,12.576109713232047,5.229241495879992,2.895530415074045,5.099590880279662,2.333711080805947,0.0,2.4633616964062774,0.4753855905345447,3.068397902541152
2025,player_naz_hillmon,286,163,59,105,50,0,43,69,202,139,53,49,0.486013986013986,0.32515337423312884,0.8305084745762712,0.5699300699300699,0.2062937062937063,0.17482517482517482,2.1,1122.0,44,25.5,9.176470588235293,5.229946524064171,1.893048128342246,3.3689839572192515,1.6042780748663101,0.0,1.3796791443850267,2.213903743315508,6.481283422459892
2025,player_nia_coffey,132,81,50,46,30,0,37,26,88,55,24,36,0.4166666666666667,0.2962962962962963,0.72,0.6136363636363636,0.3787878787878788,0.22727272727272727,1.5333333333333334,455.00399999999996,44,10.341,10.443864229765015,6.408734868264895,3.956009177941293,3.6395284437059896,2.373605506764776,0.0,2.927446791676557,2.0571247725294723,6.962576153176676
2025,player_nneka_ogwumike,594,181,118,102,87,0,150,60,256,327,68,97,0.5505050505050505,0.3756906077348066,0.8220338983050848,0.3047138047138047,0.19865319865319866,0.14646464646464646,1.1724137931034482,1358.984,44,30.886,15.73528459496212,4.794758437185427,3.1258646165076267,2.702018566811677,2.3046628952217247,0.0,3.9735567158995253,1.58942268635981,6.781536795135189
2025,player_nyara_sabally,66,7,25,13,16,0,24,27,50,37,1,17,0.5606060606060606,0.14285714285714285,0.68,0.10606060606060606,0.3787878787878788,0.24242424242424243,0.8125,304.99699999999996,17,17.941,7.7902405597432125,0.8262376351242801,2.950848696872429,1.5344413223736628,1.8885431659983543,0.0,2.8328147489975315,3.186916592622223,5.901697393744858
2025,player_odyssey_sims,198,64,55,90,33,0,67,10,47,89,21,43,0.4494949494949495,0.328125,0.7818181818181819,0.32323232323232326,0.2777777777777778,0.16666666666666666,2.727272727272727,670.992,24,27.958,10.623077473352886,3.433722011588812,2.950854853709135,4.828671578796767,1.7705129122254812,0.0,3.594677730882038,0.5365190643107519,2.5216396022605334
2025,player_olivia_nelson_ododa,195,2,111,34,40,0,101,60,124,113,1,78,0.5794871794871795,0.5,0.7027027027027027,0.010256410256410256,0.5692307692307692,0.20512820512820512,0.85,800.014,37,21.622,8.774846440187297,0.08999842502756202,4.994912589029692,1.529973225468554,1.7999685005512402,0.0,4.544920463891882,2.6999527508268604,5.579902351708845
2025,player_paige_bueckers,528,121,153,202,72,0,169,26,118,261,40,136,0.4943181818181818,0.3305785123966942,0.8888888888888888,0.22916666666666666,0.2897727272727273,0.13636363636363635,2.8055555555555554,1199.0159999999998,36,33.306,15.85299945955684,3.632979042815109,4.593766888848857,6.064973278088033,2.1617726535759325,0.0,5.07416081186573,0.7806401249024202,3.542905182249445
2025,player_rachel_banham,327,235,59,119,71,0,44,6,68,129,86,52,0.3944954128440367,0.3659574468085106,0.8813559322033898,0.7186544342507645,0.18042813455657492,0.21712538226299694,1.676056338028169,1080.992,44,24.568,10.88999733578047,7.826144874337646,1.964861904620941,3.963026553387999,2.3644948343743524,0.0,1.465320742429176,0.19981646487670585,2.2645866019359993
2025,player_rae_burrell,162,67,47,34,25,0,52,18,47,77,22,35,0.47530864197530864,0.3283582089552239,0.7446808510638298,0.41358024691358025,0.29012345679012347,0.15432098765432098,1.36,515.004,28,18.393,11.324183889833865,4.683458769252277,3.2854113754456273,2.376680569471305,1.7475592422583124,0.0,3.6349232238972897,1.258242654425985,3.2854113754456273
2025,player_rayah_marshall,24,1,12,4,7,0,7,7,19,9,0,7,0.375,0.0,0.5833333333333334,0.041666666666666664,0.5,0.2916666666666667,0.5714285714285714,90.0,15,6.0,9.6,0.4,4.8,1.6,2.8,0.0,2.8,2.8,7.6
2025,player_rebecca_allen,234,131,31,57,39,0,29,16,97,82,42,19,0.3504273504273504,0.32061068702290074,0.6129032258064516,0.5598290598290598,0.13247863247863248,0.16666666666666666,1.4615384615384615,820.996,44,18.659,10.260707725738007,5.744242359280679,1.3593245277687103,2.4994031639618224,1.7101179542896676,0.0,1.2716261711384709,0.7015868530419149,4.253370296566609
2025,player_rebekah_gardner,98,42,27,25,23,0,24,27,47,55,20,22,0.5612244897959183,0.47619047619047616,0.8148148148148148,0.42857142857142855,0.2755102040816326,0.23469387755102042,1.0869565217391304,502.004,41,12.244,7.027832447550218,3.0119281918072365,1.9362395518760807,1.79281439988526,1.649389247894439,0.0,1.7211018238898494,1.9362395518760807,3.370491071784288
2025,player_rhyne_howard,488,316,118,153,55,0,117,31,117,187,102,101,0.3831967213114754,0.3227848101265823,0.8559322033898306,0.6475409836065574,0.24180327868852458,0.11270491803278689,2.7818181818181817,1151.0069999999998,33,34.879,15.26315652294035,9.883519387805636,3.690681290383117,4.785374893462855,1.7202328048395885,0.0,3.6594043302951245,0.9695857627277681,3.6594043302951245
2025,player_rickea_jackson,461,186,98,64,78,0,80,38,84,205,65,83,0.44468546637744033,0.34946236559139787,0.8469387755102041,0.403470715835141,0.21258134490238612,0.16919739696312364,0.8205128205128205,1172.984,38,30.868,14.148530585242424,5.708517763243147,3.007713660203379,1.9642211658471047,2.393894545876159,0.0,2.455276457308881,1.1662563172217184,2.578040280174325
2025,player_robyn_parks,5,4,0,2,1,0,1,1,8,1,0,0,0.2,0.0,,0.8,0.0,0.2,2.0,63.0,6,10.5,2.8571428571428568,2.2857142857142856,0.0,1.1428571428571428,0.5714285714285714,0.0,0.5714285714285714,0.5714285714285714,4.571428571428571
2025,player_sabrina_ionescu,552,271,165,223,100,0,147,30,157,234,83,154,0.42391304347826086,0.3062730627306273,0.9333333333333333,0.49094202898550726,0.29891304347826086,0.18115942028985507,2.23,1193.998,38,31.421,16.643243958532594,8.170867957902777,4.974882704996156,6.723629352812986,3.015080427270397,0.0,4.432168228087484,0.9045241281811193,4.733676270814524
2025,player_sami_whitcomb,322,235,54,108,67,0,55,16,97,129,86,46,0.40062111801242234,0.3659574468085106,0.8518518518518519,0.7298136645962733,0.16770186335403728,0.2080745341614907,1.6119402985074627,1027.012,43,23.884,11.28711251669893,8.237488948522511,1.8928698009370877,3.7857396018741754,2.3485606789404607,0.0,1.9279229453988853,0.5608503113887666,3.400155012794398
2025,player_sania_feagin,23,4,2,4,7,0,1,3,8,10,0,0,0.43478260869565216,0.0,0.0,0.17391304347826086,0.08695652173913043,0.30434782608695654,0.5714285714285714,76.992,16,4.812,10.75436408977556,1.8703241895261844,0.9351620947630922,1.8703241895261844,3.2730673316708225,0.0,0.4675810473815461,1.4027431421446381,3.740648379052369
2025,player_saniya_rivers,335,125,59,113,62,0,58,29,89,142,43,44,0.42388059701492536,0.344,0.7457627118644068,0.373134328358209,0.1761194029850746,0.18507462686567164,1.8225806451612903,1096.998,42,26.119,10.993639003899734,4.102104105932736,1.9361931380002515,3.7083021117631936,2.0346436365426372,0.0,1.9033763051527897,0.9516881525763948,2.920698123424108
2025,player_sarah_ashlee_barker,98,61,24,31,37,0,25,10,56,35,18,17,0.35714285714285715,0.29508196721311475,0.7083333333333334,0.6224489795918368,0.24489795918367346,0.37755102040816324,0.8378378378378378,480.998,34,14.147,7.334749832639638,4.565507548887937,1.7962652651362376,2.32017596746764,2.7692422837516997,0.0,1.8711096511835807,0.7484438604734323,4.1912856186512215
2025,player_satou_sabally,483,205,185,98,77,0,157,54,177,208,67,153,0.4306418219461698,0.32682926829268294,0.827027027027027,0.4244306418219462,0.3830227743271222,0.15942028985507245,1.2727272727272727,1038.999,39,26.641,16.735338532568367,7.102990474485538,6.410015794047926,3.3955759341443064,2.667952519684812,0.0,5.4398512414352655,1.8710316371815563,6.13282592187288
2025,player_serena_sundell,1,1,0,0,2,0,1,0,1,0,0,0,0.0,0.0,,1.0,0.0,2.0,0.0,21.999000000000002,3,7.333,1.6364380199099957,1.6364380199099957,0.0,0.0,3.2728760398199914,0.0,1.6364380199099957,0.0,1.6364380199099957
2025,player_sevgi_uzun,88,29,16,63,43,0,24,1,30,31,5,11,0.3522727272727273,0.1724137931034483,0.6875,0.32954545454545453,0.18181818181818182,0.48863636363636365,1.4651162790697674,438.99999999999994,25,17.56,7.216400911161732,2.3781321184510253,1.3120728929384968,5.166287015945331,3.52619589977221,0.0,1.9681093394077451,0.08200455580865605,2.4601366742596817
2025,player_shakira_austin,373,15,146,68,92,0,121,57,185,191,2,97,0.5120643431635389,0.13333333333333333,0.6643835616438356,0.040214477211796246,0.3914209115281501,0.24664879356568364,0.7391304347826086,874.0,38,23.0,15.363844393592679,0.6178489702517163,6.0137299771167045,2.80091533180778,3.789473684210526,0.0,4.983981693363845,2.3478260869565215,7.620137299771168
2025,player_shatori_walker_kimbrough,59,31,11,22,15,0,11,3,34,26,11,8,0.4406779661016949,0.3548387096774194,0.7272727272727273,0.5254237288135594,0.1864406779661017,0.2542372881355932,1.4666666666666666,353.994,41,8.634,6.000101696638926,3.152595806708588,1.1186630281869183,2.2373260563738366,1.5254495838912523,0.0,1.1186630281869183,0.3050899167782504,3.4576857234868386
2025,player_shey_peddy,52,35,9,31,13,0,12,7,18,27,16,7,0.5192307692307693,0.45714285714285713,0.7777777777777778,0.6730769230769231,0.17307692307692307,0.25,2.3846153846153846,265.005,15,17.667,7.06401766004415,4.754627271183563,1.2226184411614875,4.211241297334013,1.7660044150110374,0.0,1.63015792154865,0.9509254542367126,2.445236882322975
2025,player_sika_kon,17,5,13,6,6,0,11,3,16,7,1,12,0.4117647058823529,0.2,0.9230769230769231,0.29411764705882354,0.7647058823529411,0.35294117647058826,1.0,85.006,19,4.474,7.199491800578783,2.1174975884055245,5.505493729854363,2.540997106086629,2.540997106086629,0.0,4.658494694492153,1.2704985530433146,6.775992282897677
2025,player_skylar_diggins,513,170,191,273,92,0,153,28,91,232,63,151,0.4522417153996101,0.37058823529411766,0.7905759162303665,0.3313840155945419,0.3723196881091618,0.1793372319688109,2.967391304347826,1343.019,43,31.233,13.751108510006189,4.556897556922128,5.119808431600744,7.317841370822006,2.4660857366872695,0.0,4.101207801229915,0.7505478329048212,2.439280456940669
2025,player_sonia_citron,458,187,149,106,92,0,170,30,146,227,84,130,0.49563318777292575,0.44919786096256686,0.87248322147651,0.40829694323144106,0.32532751091703055,0.20087336244541484,1.1521739130434783,1414.9959999999999,44,32.159,11.65232975923607,4.757610622220841,3.7908234369567126,2.6968274115262516,2.3406426590605207,0.0,4.32510056565531,0.7632530409979958,3.714498132856913
2025,player_sophie_cunningham,165,117,48,36,34,0,58,15,90,82,51,42,0.49696969696969695,0.4358974358974359,0.875,0.7090909090909091,0.2909090909090909,0.20606060606060606,1.0588235294117647,756.0,30,25.2,7.857142857142858,5.571428571428571,2.2857142857142856,1.7142857142857142,1.619047619047619,0.0,2.761904761904762,0.7142857142857142,4.285714285714286
2025,player_stefanie_dolson,137,75,20,59,29,0,30,16,81,60,27,14,0.43795620437956206,0.36,0.7,0.5474452554744526,0.145985401459854,0.2116788321167883,2.0344827586206895,652.998,43,15.186,7.552856210891917,4.134775297933531,1.1026067461156082,3.252689901041044,1.598779781867632,0.0,1.6539101191734125,0.8820853968924866,4.465557321768213
2025,player_stephanie_talbot,98,55,28,66,40,0,24,26,75,39,16,18,0.3979591836734694,0.2909090909090909,0.6428571428571429,0.5612244897959183,0.2857142857142857,0.40816326530612246,1.65,541.006,38,14.237,6.521184607934108,3.659848504452816,1.863195602266888,4.3918182053433785,2.6617080032384117,0.0,1.5970248019430469,1.7301102021049675,4.990702506072021
2025,player_sug_sutton,272,119,48,166,83,0,54,8,69,119,42,37,0.4375,0.35294117647058826,0.7708333333333334,0.4375,0.17647058823529413,0.30514705882352944,2.0,1121.999,43,26.093,8.727280505597598,3.8181852211989495,1.5401083245172231,5.326207955622064,2.663103977811032,0.0,1.7326218650818763,0.2566847207528706,2.2139057164935085
2025,player_sydney_colson,74,46,7,60,35,0,12,7,18,26,13,6,0.35135135135135137,0.2826086956521739,0.8571428571428571,0.6216216216216216,0.0945945945945946,0.47297297297297297,1.7142857142857142,404.01,30,13.467,6.5938961906883495,4.098908442860326,0.6237469369570061,5.346402316774338,3.1187346847850304,0.0,1.0692804633548676,0.6237469369570061,1.6039206950323013
2025,player_taylor_thierry,6,2,4,2,1,0,3,2,4,2,1,1,0.3333333333333333,0.5,0.25,0.3333333333333333,0.6666666666666666,0.16666666666666666,2.0,36.006,17,2.118,5.9990001666388935,1.9996667222129645,3.999333444425929,1.9996667222129645,0.9998333611064822,0.0,2.9995000833194467,1.9996667222129645,3.999333444425929
2025,player_te_hina_paopao,210,132,13,105,44,0,26,10,59,96,51,7,0.45714285714285713,0.38636363636363635,0.5384615384615384,0.6285714285714286,0.06190476190476191,0.20952380952380953,2.3863636363636362,719.992,43,16.744,10.500116667962978,6.600073334148157,0.65000722230247,5.250058333981489,2.2000244447160524,0.0,1.30001444460494,0.5000055556172847,2.9500327781419795
2025,player_teaira_mccowan,58,2,29,10,16,0,29,30,48,36,1,22,0.6206896551724138,0.5,0.7586206896551724,0.034482758620689655,0.5,0.27586206896551724,0.625,218.994,17,12.882,9.534507794734102,0.3287761308529001,4.767253897367051,1.6438806542645004,2.6302090468232007,0.0,4.767253897367051,4.931641962793501,7.8906271404696025
2025,player_temi_fagbenle,230,62,36,61,58,0,60,70,120,125,12,26,0.5434782608695652,0.1935483870967742,0.7222222222222222,0.26956521739130435,0.1565217391304348,0.25217391304347825,1.0517241379310345,925.002,39,23.718,8.951331997120006,2.4129677557453935,1.4010780517231316,2.3740489209753064,2.257292416665045,0.0,2.3351300862052193,2.7243184339060886,4.670260172410439
2025,player_tiffany_hayes,219,100,80,77,49,0,78,18,82,99,41,64,0.4520547945205479,0.41,0.8,0.45662100456621,0.365296803652968,0.2237442922374429,1.5714285714285714,699.9979999999999,26,26.923,11.262889322540921,5.142871836776677,4.1142974694213414,3.9600113143180415,2.5200072000205713,0.0,4.011440032685808,0.9257169306198018,4.217154906156876
2025,player_tiffany_mitchell,95,30,47,12,24,0,53,11,31,40,11,35,0.42105263157894735,0.36666666666666664,0.7446808510638298,0.3157894736842105,0.49473684210526314,0.25263157894736843,0.5,510.003,39,13.077,6.705842906806431,2.117634602149399,3.317627543367392,0.8470538408597597,1.6941076817195193,0.0,3.741154463797272,0.776466020788113,2.188222422221046
2025,player_tina_charles,569,46,196,74,82,0,146,62,186,260,12,168,0.45694200351493847,0.2608695652173913,0.8571428571428571,0.08084358523725835,0.3444639718804921,0.14411247803163443,0.9024390243902439,1222.017,43,28.419,16.762450931533685,1.3551366306688042,5.774060426327948,2.180002405858511,2.4156783416269985,0.0,4.3010858277749,1.8264885022057793,5.479465506617338
2025,player_tyasha_harris,17,11,2,13,3,0,2,1,4,8,5,2,0.47058823529411764,0.45454545454545453,1.0,0.6470588235294118,0.11764705882352941,0.17647058823529413,4.333333333333333,82.0,5,16.4,7.463414634146341,4.829268292682928,0.8780487804878049,5.7073170731707314,1.3170731707317072,0.0,0.8780487804878049,0.43902439024390244,1.7560975609756098
2025,player_veronica_burton,348,172,189,265,94,0,189,50,142,149,61,166,0.4281609195402299,0.3546511627906977,0.8783068783068783,0.4942528735632184,0.5431034482758621,0.27011494252873564,2.8191489361702127,1292.016,44,29.364,9.696474347066909,4.792510309469852,5.2661886540104765,7.383809488427387,2.6191626109893376,0.0,5.2661886540104765,1.393171601590073,3.9566073485158078
2025,player_yvonne_anderson,3,1,0,2,0,0,1,0,1,0,0,0,0.0,0.0,,0.3333333333333333,0.0,0.0,,12.0,1,12.0,9.0,3.0,0.0,6.0,0.0,0.0,3.0,0.0,3.0
2025,player_zia_cooke,79,38,23,14,22,0,17,6,8,30,15,15,0.379746835443038,0.39473684210526316,0.6521739130434783,0.4810126582278481,0.2911392405063291,0.27848101265822783,0.6363636363636364,260.988,26,10.038,10.897052738056923,5.2416203043818115,3.172559657915307,1.931123270035404,3.0346222814842063,0.0,2.3449353993287048,0.8276242585866017,1.1034990114488024
