season_year,player_id,fga,fgm,avg_dist,sd_dist,avg_hx,avg_hy,att_ab3,att_corner3,att_mid,att_paint,att_rim,made_ab3,made_corner3,made_mid,made_paint,made_rim,fg_rim,share_rim,fg_paint,share_paint,fg_mid,share_mid,fg_corner3,share_corner3,fg_ab3,share_ab3,att_left,att_right,left_share
2025,player_a_ja_wilson,631,334,481.8404475469806,72.2468447267822,-42.521394611727416,235.83201267828844,30,601,0,0,0,15,319,0,0,0,,0.0,,0.0,,0.0,0.5307820299500832,0.9524564183835182,0.5,0.04754358161648178,346,285,0.5483359746434231
2025,player_aaliyah_edwards,138,69,507.84222911012625,77.2630498688132,11.079710144927537,241.79710144927537,5,133,0,0,0,0,69,0,0,0,,0.0,,0.0,,0.0,0.518796992481203,0.9637681159420289,0.0,0.036231884057971016,68,70,0.4927536231884058
2025,player_aaliyah_nye,161,59,421.4111083818653,101.00179809387102,48.857142857142854,120.51552795031056,16,145,0,0,0,3,56,0,0,0,,0.0,,0.0,,0.0,0.38620689655172413,0.9006211180124224,0.1875,0.09937888198757763,70,91,0.43478260869565216
2025,player_aari_mcdonald,148,66,419.60477771804767,117.07369957400421,-29.905405405405407,193.93243243243242,31,117,0,0,0,11,55,0,0,0,,0.0,,0.0,,0.0,0.4700854700854701,0.7905405405405406,0.3548387096774194,0.20945945945945946,79,69,0.5337837837837838
2025,player_aerial_powers,59,27,440.84594677152245,102.29539896722372,-39.32203389830509,214.67796610169492,6,53,0,0,0,4,23,0,0,0,,0.0,,0.0,,0.0,0.4339622641509434,0.8983050847457628,0.6666666666666666,0.1016949152542373,34,25,0.576271186440678
2025,player_alanna_smith,319,160,445.5356750965159,118.50774126184561,-2.1630094043887147,194.8808777429467,70,248,1,0,0,24,136,0,0,0,,0.0,,0.0,0.0,0.003134796238244514,0.5483870967741935,0.7774294670846394,0.34285714285714286,0.219435736677116,163,156,0.5109717868338558
2025,player_alexis_prince,3,1,439.66337133241177,71.18061437587261,-121.33333333333333,196.33333333333334,0,3,0,0,0,0,1,0,0,0,,0.0,,0.0,,0.0,0.3333333333333333,1.0,,0.0,2,1,0.6666666666666666
2025,player_alissa_pili,25,13,446.6486362778762,119.00925957984592,-122.0,205.6,6,19,0,0,0,2,11,0,0,0,,0.0,,0.0,,0.0,0.5789473684210527,0.76,0.3333333333333333,0.24,17,8,0.68
2025,player_aliyah_boston,472,275,514.0342982168676,74.60344420876739,32.25423728813559,255.33262711864407,20,449,3,0,0,5,269,1,0,0,,0.0,,0.0,0.3333333333333333,0.006355932203389831,0.5991091314031181,0.951271186440678,0.25,0.0423728813559322,220,252,0.4661016949152542
2025,player_allisha_gray,526,251,420.1657608756666,117.09378221033035,8.395437262357415,200.32509505703422,123,398,5,0,0,50,198,3,0,0,,0.0,,0.0,0.6,0.009505703422053232,0.49748743718592964,0.7566539923954373,0.4065040650406504,0.2338403041825095,260,266,0.49429657794676807
2025,player_alysha_clark,157,59,432.7127580391081,103.44238572750163,28.095541401273884,149.04458598726114,16,141,0,0,0,5,54,0,0,0,,0.0,,0.0,,0.0,0.3829787234042553,0.8980891719745223,0.3125,0.10191082802547771,73,84,0.46496815286624205
2025,player_alyssa_thomas,427,244,507.0139911262533,60.64202796150873,-37.9344262295082,262.6346604215457,4,422,1,0,0,0,244,0,0,0,,0.0,,0.0,0.0,0.00234192037470726,0.5781990521327014,0.9882903981264637,0.0,0.00936768149882904,232,195,0.5433255269320844
2025,player_amy_okonkwo,59,30,431.71712904725405,109.58754245402989,-38.779661016949156,186.27118644067798,8,51,0,0,0,4,26,0,0,0,,0.0,,0.0,,0.0,0.5098039215686274,0.864406779661017,0.5,0.13559322033898305,33,26,0.559322033898305
2025,player_aneesah_morrow,271,112,470.22536101520166,106.398199851651,33.82656826568266,216.43173431734317,36,234,1,0,0,9,103,0,0,0,,0.0,,0.0,0.0,0.0036900369003690036,0.44017094017094016,0.8634686346863468,0.25,0.13284132841328414,126,145,0.46494464944649444
2025,player_angel_reese,281,156,530.5296871600393,72.97160755990984,74.73309608540926,266.33807829181495,13,268,0,0,0,2,154,0,0,0,,0.0,,0.0,,0.0,0.5746268656716418,0.9537366548042705,0.15384615384615385,0.046263345195729534,119,162,0.4234875444839858
2025,player_ariel_atkins,348,162,417.7806076467841,99.6804494986356,34.548850574712645,190.96264367816093,52,292,4,0,0,14,148,0,0,0,,0.0,,0.0,0.0,0.011494252873563218,0.5068493150684932,0.8390804597701149,0.2692307692307692,0.14942528735632185,163,185,0.46839080459770116
2025,player_arike_ogunbowale,393,147,415.5362737237522,97.15582701459846,14.04325699745547,181.87786259541986,59,332,2,0,0,15,132,0,0,0,,0.0,,0.0,0.0,0.005089058524173028,0.39759036144578314,0.8447837150127226,0.2542372881355932,0.15012722646310434,192,201,0.48854961832061067
2025,player_aziaha_james,273,106,447.89146927466015,99.04440975144358,23.457875457875456,180.73260073260073,29,241,2,1,0,10,96,0,0,0,,0.0,0.0,0.003663003663003663,0.0,0.007326007326007326,0.3983402489626556,0.8827838827838828,0.3448275862068966,0.10622710622710622,130,143,0.47619047619047616
2025,player_azura_stevens,403,204,453.15616975828453,111.70074605939172,16.18610421836228,181.65508684863525,49,352,2,0,0,14,190,0,0,0,,0.0,,0.0,0.0,0.004962779156327543,0.5397727272727273,0.8734491315136477,0.2857142857142857,0.12158808933002481,193,210,0.47890818858560796
2025,player_breanna_stewart,392,192,477.78609452719724,92.26760490277907,6.869897959183674,226.22448979591837,38,353,1,0,0,11,181,0,0,0,,0.0,,0.0,0.0,0.002551020408163265,0.5127478753541076,0.9005102040816326,0.2894736842105263,0.09693877551020408,194,198,0.49489795918367346
2025,player_bree_hall,4,1,395.2301610855459,110.28520461841018,177.0,157.0,0,4,0,0,0,0,1,0,0,0,,0.0,,0.0,,0.0,0.25,1.0,,0.0,1,3,0.25
2025,player_bria_hartley,269,106,402.96372681858736,107.15174725070825,42.29368029739777,176.21189591078067,52,213,2,2,0,22,84,0,0,0,,0.0,0.0,0.007434944237918215,0.0,0.007434944237918215,0.39436619718309857,0.79182156133829,0.4230769230769231,0.19330855018587362,121,148,0.44981412639405205
2025,player_brianna_turner,30,13,537.1703318973656,52.72048475727511,100.36666666666666,254.6,0,30,0,0,0,0,13,0,0,0,,0.0,,0.0,,0.0,0.43333333333333335,1.0,,0.0,12,18,0.4
2025,player_bridget_carleton,247,102,410.06064357685796,91.47706944368707,-22.526315789473685,139.04048582995952,35,210,2,0,0,11,91,0,0,0,,0.0,,0.0,0.0,0.008097165991902834,0.43333333333333335,0.8502024291497976,0.3142857142857143,0.1417004048582996,130,117,0.5263157894736842
2025,player_brionna_jones,393,230,516.4116846407761,86.42489636261094,-13.195928753180661,265.7379134860051,31,362,0,0,0,6,224,0,0,0,,0.0,,0.0,,0.0,0.6187845303867403,0.9211195928753181,0.1935483870967742,0.07888040712468193,203,190,0.5165394402035624
2025,player_brittney_griner,291,156,506.1142258543543,65.97613473599591,-37.738831615120276,245.26116838487974,14,277,0,0,0,5,151,0,0,0,,0.0,,0.0,,0.0,0.5451263537906137,0.9518900343642611,0.35714285714285715,0.048109965635738834,156,135,0.5360824742268041
2025,player_brittney_sykes,447,182,470.98279379591736,99.29896599475654,19.16331096196868,216.3020134228188,40,401,5,1,0,12,170,0,0,0,,0.0,0.0,0.0022371364653243847,0.0,0.011185682326621925,0.4239401496259352,0.8970917225950783,0.3,0.0894854586129754,211,236,0.4720357941834452
2025,player_caitlin_clark,187,72,376.27904591321027,124.7441012125426,-0.4117647058823529,183.77005347593584,51,114,22,0,0,17,48,7,0,0,,0.0,,0.0,0.3181818181818182,0.11764705882352941,0.42105263157894735,0.6096256684491979,0.3333333333333333,0.2727272727272727,95,92,0.5080213903743316
2025,player_cameron_brink,75,35,468.6491406664716,100.55882515623267,-23.986666666666668,187.14666666666668,11,64,0,0,0,4,31,0,0,0,,0.0,,0.0,,0.0,0.484375,0.8533333333333334,0.36363636363636365,0.14666666666666667,40,35,0.5333333333333333
2025,player_camryn_taylor,6,1,419.44580046764094,131.51070132910093,-128.66666666666666,205.33333333333334,1,5,0,0,0,0,1,0,0,0,,0.0,,0.0,,0.0,0.2,0.8333333333333334,0.0,0.16666666666666666,4,2,0.6666666666666666
2025,player_carla_leite,206,86,433.59036612321296,104.27492384892821,-12.097087378640778,205.0631067961165,32,172,1,1,0,5,81,0,0,0,,0.0,0.0,0.0048543689320388345,0.0,0.0048543689320388345,0.47093023255813954,0.8349514563106796,0.15625,0.1553398058252427,108,98,0.5242718446601942
2025,player_cecilia_zandalasini,147,67,386.78529771400895,99.70846615055117,-38.054421768707485,171.12244897959184,41,104,2,0,0,13,54,0,0,0,,0.0,,0.0,0.0,0.013605442176870748,0.5192307692307693,0.7074829931972789,0.3170731707317073,0.2789115646258503,79,68,0.5374149659863946
2025,player_chelsea_gray,377,169,396.67756622822037,91.84630267004842,17.55968169761273,175.79045092838197,68,307,2,0,0,24,145,0,0,0,,0.0,,0.0,0.0,0.005305039787798408,0.4723127035830619,0.8143236074270557,0.35294117647058826,0.18037135278514588,180,197,0.47745358090185674
2025,player_cheyenne_parker_tyus,8,5,440.6635916158232,98.42385903685285,8.75,204.75,0,8,0,0,0,0,5,0,0,0,,0.0,,0.0,,0.0,0.625,1.0,,0.0,4,4,0.5
2025,player_chloe_bibby,53,21,386.34996837562215,88.51588325704118,-40.094339622641506,106.64150943396227,10,43,0,0,0,4,17,0,0,0,,0.0,,0.0,,0.0,0.3953488372093023,0.8113207547169812,0.4,0.18867924528301888,30,23,0.5660377358490566
2025,player_christyn_williams,15,6,434.95874970805386,96.44661394711675,88.73333333333333,218.73333333333332,1,14,0,0,0,0,6,0,0,0,,0.0,,0.0,,0.0,0.42857142857142855,0.9333333333333333,0.0,0.06666666666666667,6,9,0.4
2025,player_courtney_vandersloot,58,29,430.74727942193374,110.8098825232824,-65.51724137931035,200.3448275862069,11,47,0,0,0,2,27,0,0,0,,0.0,,0.0,,0.0,0.574468085106383,0.8103448275862069,0.18181818181818182,0.1896551724137931,34,24,0.5862068965517241
2025,player_courtney_williams,574,253,405.2722562330941,83.31169673866384,12.35540069686411,200.49477351916377,86,487,1,0,0,38,215,0,0,0,,0.0,,0.0,0.0,0.0017421602787456446,0.4414784394250513,0.8484320557491289,0.4418604651162791,0.14982578397212543,280,294,0.4878048780487805
2025,player_crystal_bradford,6,2,475.49497381271635,123.6706749986148,122.83333333333333,192.66666666666666,1,5,0,0,0,0,2,0,0,0,,0.0,,0.0,,0.0,0.4,0.8333333333333334,0.0,0.16666666666666666,2,4,0.3333333333333333
2025,player_damiris_dantas,171,63,402.6593917869691,102.08121994657944,-67.12280701754386,203.16959064327486,57,112,2,0,0,18,45,0,0,0,,0.0,,0.0,0.0,0.011695906432748537,0.4017857142857143,0.6549707602339181,0.3157894736842105,0.3333333333333333,102,69,0.5964912280701754
2025,player_dana_evans,260,107,427.96260283524776,96.2505929253119,2.0346153846153845,197.42307692307693,42,217,1,0,0,16,91,0,0,0,,0.0,,0.0,0.0,0.0038461538461538464,0.41935483870967744,0.8346153846153846,0.38095238095238093,0.16153846153846155,129,131,0.49615384615384617
2025,player_dearica_hamby,491,324,528.5841948712234,73.55896878930098,-6.0733197556008145,266.6313645621181,37,454,0,0,0,11,313,0,0,0,,0.0,,0.0,,0.0,0.6894273127753304,0.924643584521385,0.2972972972972973,0.07535641547861507,248,243,0.505091649694501
2025,player_dewanna_bonner,239,105,447.15824687678156,109.99218913769344,-68.03347280334728,166.17573221757323,29,206,3,1,0,10,94,1,0,0,,0.0,0.0,0.0041841004184100415,0.3333333333333333,0.012552301255230125,0.4563106796116505,0.8619246861924686,0.3448275862068966,0.12133891213389121,139,100,0.5815899581589958
2025,player_diamond_miller,123,54,448.92409139192625,111.57408406473122,-21.910569105691057,208.77235772357724,23,100,0,0,0,7,47,0,0,0,,0.0,,0.0,,0.0,0.47,0.8130081300813008,0.30434782608695654,0.18699186991869918,64,59,0.5203252032520326
2025,player_dijonai_carrington,244,107,465.96926784891315,104.13218701580684,53.92622950819672,213.6844262295082,10,230,3,1,0,5,102,0,0,0,,0.0,0.0,0.004098360655737705,0.0,0.012295081967213115,0.4434782608695652,0.9426229508196722,0.5,0.040983606557377046,109,135,0.44672131147540983
2025,player_dominique_malonga,233,145,513.779730131812,70.09902524729382,54.39484978540773,258.068669527897,14,219,0,0,0,3,142,0,0,0,,0.0,,0.0,,0.0,0.6484018264840182,0.9399141630901288,0.21428571428571427,0.060085836909871244,105,128,0.45064377682403434
2025,player_elizabeth_kitley,19,7,507.6253923614135,59.29809794986828,-147.10526315789474,257.42105263157896,1,18,0,0,0,0,7,0,0,0,,0.0,,0.0,,0.0,0.3888888888888889,0.9473684210526315,0.0,0.05263157894736842,13,6,0.6842105263157895
2025,player_elizabeth_williams,288,157,531.2704955407229,44.77233324553238,-8.01736111111111,268.6388888888889,0,288,0,0,0,0,157,0,0,0,,0.0,,0.0,,0.0,0.5451388888888888,1.0,,0.0,149,139,0.5173611111111112
2025,player_emily_engstler,131,53,449.357110255738,114.66602198097006,36.74045801526717,189.91603053435114,30,100,0,1,0,9,44,0,0,0,,0.0,0.0,0.007633587786259542,,0.0,0.44,0.7633587786259542,0.3,0.22900763358778625,61,70,0.46564885496183206
2025,player_emma_cannon,60,32,420.1044725338968,115.53375978995533,28.95,172.63333333333333,13,47,0,0,0,5,27,0,0,0,,0.0,,0.0,,0.0,0.574468085106383,0.7833333333333333,0.38461538461538464,0.21666666666666667,25,35,0.4166666666666667
2025,player_emma_meesseman,152,91,479.12251630021626,77.42098663365607,-52.23684210526316,223.3684210526316,6,146,0,0,0,5,86,0,0,0,,0.0,,0.0,,0.0,0.589041095890411,0.9605263157894737,0.8333333333333334,0.039473684210526314,84,68,0.5526315789473685
2025,player_erica_wheeler,405,168,401.0391528202549,106.18664857537735,-1.1753086419753087,187.02469135802468,104,291,6,4,0,39,128,1,0,0,,0.0,0.0,0.009876543209876543,0.16666666666666666,0.014814814814814815,0.43986254295532645,0.7185185185185186,0.375,0.25679012345679014,209,196,0.5160493827160494
2025,player_ezi_magbegor,257,141,503.36371127493845,83.15047452887963,56.505836575875485,242.5058365758755,24,233,0,0,0,10,131,0,0,0,,0.0,,0.0,,0.0,0.5622317596566524,0.9066147859922179,0.4166666666666667,0.0933852140077821,114,143,0.44357976653696496
2025,player_gabby_williams,460,203,438.5468564109154,103.3766741995379,-26.026086956521738,198.48478260869564,62,393,5,0,0,19,182,2,0,0,,0.0,,0.0,0.4,0.010869565217391304,0.4631043256997455,0.8543478260869565,0.3064516129032258,0.13478260869565217,241,219,0.5239130434782608
2025,player_grace_berger,81,26,451.7196308011894,99.16100462478963,31.185185185185187,210.97530864197532,6,75,0,0,0,1,25,0,0,0,,0.0,,0.0,,0.0,0.3333333333333333,0.9259259259259259,0.16666666666666666,0.07407407407407407,38,43,0.4691358024691358
2025,player_hailey_van_lith,100,37,445.97741621577484,99.53469637937738,52.32,203.84,11,88,1,0,0,2,35,0,0,0,,0.0,,0.0,0.0,0.01,0.3977272727272727,0.88,0.18181818181818182,0.11,43,57,0.43
2025,player_haley_jones,169,85,479.5595446388927,90.53878712455956,-3.3550295857988166,229.0532544378698,13,155,1,0,0,3,81,1,0,0,,0.0,,0.0,1.0,0.005917159763313609,0.5225806451612903,0.9171597633136095,0.23076923076923078,0.07692307692307693,86,83,0.5088757396449705
2025,player_haley_peters,76,25,422.5077811607369,111.06798454135766,-43.48684210526316,183.32894736842104,17,59,0,0,0,2,23,0,0,0,,0.0,,0.0,,0.0,0.3898305084745763,0.7763157894736842,0.11764705882352941,0.2236842105263158,43,33,0.5657894736842105
2025,player_iliana_rupert,144,67,396.0796842553608,102.12443581016986,57.395833333333336,171.81944444444446,58,86,0,0,0,25,42,0,0,0,,0.0,,0.0,,0.0,0.4883720930232558,0.5972222222222222,0.43103448275862066,0.4027777777777778,63,81,0.4375
2025,player_isabelle_harrison,121,65,504.62679679180945,74.83995763829303,39.59504132231405,233.70247933884298,6,115,0,0,0,1,64,0,0,0,,0.0,,0.0,,0.0,0.5565217391304348,0.9504132231404959,0.16666666666666666,0.049586776859504134,55,66,0.45454545454545453
2025,player_jackie_young,532,260,430.57687000494116,105.67938575814267,26.291353383458645,207.21428571428572,106,424,2,0,0,36,224,0,0,0,,0.0,,0.0,0.0,0.0037593984962406013,0.5283018867924528,0.7969924812030075,0.33962264150943394,0.19924812030075187,247,285,0.4642857142857143
2025,player_jacy_sheldon,169,83,430.3154885938393,97.74898205186302,2.4792899408284024,156.76923076923077,19,149,1,0,0,9,74,0,0,0,,0.0,,0.0,0.0,0.005917159763313609,0.4966442953020134,0.8816568047337278,0.47368421052631576,0.11242603550295859,87,82,0.514792899408284
2025,player_jade_melbourne,213,90,453.75216958146586,118.01943219880478,34.455399061032864,193.16901408450704,28,179,6,0,0,6,84,0,0,0,,0.0,,0.0,0.0,0.028169014084507043,0.4692737430167598,0.8403755868544601,0.21428571428571427,0.13145539906103287,101,112,0.47417840375586856
2025,player_jaelyn_brown,37,14,413.06129172876734,100.391547783389,-30.027027027027028,146.8108108108108,3,33,1,0,0,2,11,1,0,0,,0.0,,0.0,1.0,0.02702702702702703,0.3333333333333333,0.8918918918918919,0.6666666666666666,0.08108108108108109,19,18,0.5135135135135135
2025,player_janelle_sala_n,355,147,419.814014933362,96.25304261481128,4.050704225352113,166.35211267605635,60,295,0,0,0,22,125,0,0,0,,0.0,,0.0,,0.0,0.423728813559322,0.8309859154929577,0.36666666666666664,0.16901408450704225,176,179,0.49577464788732395
2025,player_jaylyn_sherrod,23,9,434.7204266108717,105.87309423142995,13.130434782608695,164.3913043478261,3,20,0,0,0,1,8,0,0,0,,0.0,,0.0,,0.0,0.4,0.8695652173913043,0.3333333333333333,0.13043478260869565,12,11,0.5217391304347826
2025,player_jessica_shepard,189,132,540.4995313115609,46.38945377355221,24.952380952380953,264.75132275132273,0,189,0,0,0,0,132,0,0,0,,0.0,,0.0,,0.0,0.6984126984126984,1.0,,0.0,90,99,0.47619047619047616
2025,player_jewell_loyd,414,166,421.2673834127147,99.18030579101865,-10.16425120772947,137.3985507246377,57,352,4,1,0,22,144,0,0,0,,0.0,0.0,0.0024154589371980675,0.0,0.00966183574879227,0.4090909090909091,0.8502415458937198,0.38596491228070173,0.13768115942028986,218,196,0.5265700483091788
2025,player_jj_quinerly,167,80,459.35615020627887,104.11893262382593,-15.778443113772456,219.44910179640718,24,141,2,0,0,7,72,1,0,0,,0.0,,0.0,0.5,0.011976047904191617,0.5106382978723404,0.844311377245509,0.2916666666666667,0.1437125748502994,88,79,0.5269461077844312
2025,player_jonquel_jones,293,150,450.39197601915697,108.81262809635518,-38.44027303754266,193.67576791808872,47,246,0,0,0,14,136,0,0,0,,0.0,,0.0,,0.0,0.5528455284552846,0.8395904436860068,0.2978723404255319,0.16040955631399317,159,134,0.5426621160409556
2025,player_jordin_canada,259,108,463.89892156659835,108.64216131394228,-21.35135135135135,215.1853281853282,28,229,1,1,0,9,99,0,0,0,,0.0,0.0,0.003861003861003861,0.0,0.003861003861003861,0.43231441048034935,0.8841698841698842,0.32142857142857145,0.10810810810810811,136,123,0.525096525096525
2025,player_joyner_holmes,12,3,425.6700308504892,102.82566801450567,17.833333333333332,201.16666666666666,3,9,0,0,0,1,2,0,0,0,,0.0,,0.0,,0.0,0.2222222222222222,0.75,0.3333333333333333,0.25,5,7,0.4166666666666667
2025,player_julie_allemand,158,70,408.16674916498505,122.8156915020251,-15.670886075949367,170.5506329113924,35,119,4,0,0,9,60,1,0,0,,0.0,,0.0,0.25,0.02531645569620253,0.5042016806722689,0.7531645569620253,0.2571428571428571,0.22151898734177214,82,76,0.5189873417721519
2025,player_julie_vanloo,109,33,340.67524204954657,90.25793083746919,-54.62385321100918,151.26605504587155,41,64,4,0,0,12,20,1,0,0,,0.0,,0.0,0.25,0.03669724770642202,0.3125,0.5871559633027523,0.2926829268292683,0.3761467889908257,64,45,0.5871559633027523
2025,player_kahleah_copper,333,153,441.62504667445415,104.95426347377072,-1.4204204204204205,185.15315315315314,41,292,0,0,0,11,142,0,0,0,,0.0,,0.0,,0.0,0.4863013698630137,0.8768768768768769,0.2682926829268293,0.12312312312312312,167,166,0.5015015015015015
2025,player_kaila_charles,171,79,452.4699710399862,102.88903867501445,-26.374269005847953,188.85380116959064,18,153,0,0,0,6,73,0,0,0,,0.0,,0.0,,0.0,0.477124183006536,0.8947368421052632,0.3333333333333333,0.10526315789473684,94,77,0.5497076023391813
2025,player_kaitlyn_chen,46,19,463.73213361690455,94.0031180985464,15.217391304347826,193.15217391304347,5,41,0,0,0,2,17,0,0,0,,0.0,,0.0,,0.0,0.4146341463414634,0.8913043478260869,0.4,0.10869565217391304,22,24,0.4782608695652174
2025,player_kalani_brown,87,59,537.3267355238762,63.83346777823118,101.54022988505747,254.0344827586207,2,85,0,0,0,0,59,0,0,0,,0.0,,0.0,,0.0,0.6941176470588235,0.9770114942528736,0.0,0.022988505747126436,34,53,0.39080459770114945
2025,player_kamilla_cardoso,380,223,549.7816439578233,33.65095973306993,16.88421052631579,270.4421052631579,1,379,0,0,0,0,223,0,0,0,,0.0,,0.0,,0.0,0.5883905013192612,0.9973684210526316,0.0,0.002631578947368421,183,197,0.48157894736842105
2025,player_kariata_diaby,10,7,521.1682568346208,72.77627870522625,-155.4,282.1,0,10,0,0,0,0,7,0,0,0,,0.0,,0.0,,0.0,0.7,1.0,,0.0,7,3,0.7
2025,player_karlie_samuelson,41,14,378.96601628981676,89.73350801045282,-12.24390243902439,113.92682926829268,7,33,1,0,0,3,11,0,0,0,,0.0,,0.0,0.0,0.024390243902439025,0.3333333333333333,0.8048780487804879,0.42857142857142855,0.17073170731707318,21,20,0.5121951219512195
2025,player_kate_martin,247,86,400.2157344199309,105.74636750013825,10.206477732793521,140.63967611336034,49,197,1,0,0,17,69,0,0,0,,0.0,,0.0,0.0,0.004048582995951417,0.350253807106599,0.7975708502024291,0.3469387755102041,0.19838056680161945,123,124,0.4979757085020243
2025,player_kathryn_westbeld,205,77,419.88447233437824,115.41973970479367,-20.970731707317075,163.00487804878048,45,159,0,1,0,18,59,0,0,0,,0.0,0.0,0.004878048780487805,,0.0,0.3710691823899371,0.775609756097561,0.4,0.21951219512195122,103,102,0.5024390243902439
2025,player_kayla_mcbride,433,182,387.5776201562456,101.77153923093205,28.08314087759815,162.59815242494227,104,321,8,0,0,42,135,5,0,0,,0.0,,0.0,0.625,0.018475750577367205,0.4205607476635514,0.7413394919168591,0.40384615384615385,0.24018475750577367,204,229,0.47113163972286376
2025,player_kayla_thornton,280,105,424.07919086761683,106.94753285142542,41.9,165.2,40,229,11,0,0,11,92,2,0,0,,0.0,,0.0,0.18181818181818182,0.039285714285714285,0.4017467248908297,0.8178571428571428,0.275,0.14285714285714285,125,155,0.44642857142857145
2025,player_kelsey_mitchell,679,323,431.3099457346417,110.81279991897382,6.575846833578792,200.06921944035346,128,550,1,0,0,44,279,0,0,0,,0.0,,0.0,0.0,0.0014727540500736377,0.5072727272727273,0.8100147275405007,0.34375,0.18851251840942562,335,344,0.49337260677466865
2025,player_kelsey_plum,600,268,429.118811865552,113.26116039425622,-14.541666666666666,197.30666666666667,121,473,5,1,0,43,225,0,0,0,,0.0,0.0,0.0016666666666666668,0.0,0.008333333333333333,0.47568710359408034,0.7883333333333333,0.35537190082644626,0.20166666666666666,309,291,0.515
2025,player_kennedy_burke,207,102,447.9797413681089,110.7224362249422,84.86473429951691,173.024154589372,22,184,1,0,0,8,94,0,0,0,,0.0,,0.0,0.0,0.004830917874396135,0.5108695652173914,0.8888888888888888,0.36363636363636365,0.10628019323671498,82,125,0.3961352657004831
2025,player_kia_nurse,274,103,392.9332464109288,99.74972525601014,-12.102189781021897,161.0912408759124,64,210,0,0,0,21,82,0,0,0,,0.0,,0.0,,0.0,0.3904761904761905,0.7664233576642335,0.328125,0.23357664233576642,141,133,0.5145985401459854
2025,player_kiah_stokes,49,18,512.3668501259567,47.014256195210095,-68.59183673469387,145.3265306122449,0,49,0,0,0,0,18,0,0,0,,0.0,,0.0,,0.0,0.3673469387755102,1.0,,0.0,28,21,0.5714285714285714
2025,player_kiana_williams,39,17,382.26760074797835,93.47090390470595,40.30769230769231,183.15384615384616,12,27,0,0,0,3,14,0,0,0,,0.0,,0.0,,0.0,0.5185185185185185,0.6923076923076923,0.25,0.3076923076923077,19,20,0.48717948717948717
2025,player_kierstan_bell,151,52,392.2234656475982,104.4063121432638,-46.211920529801326,142.3841059602649,32,118,1,0,0,11,41,0,0,0,,0.0,,0.0,0.0,0.006622516556291391,0.3474576271186441,0.7814569536423841,0.34375,0.2119205298013245,87,64,0.5761589403973509
2025,player_kiki_iriafen,434,229,511.88072133654964,77.09168189605435,-8.442396313364055,242.86405529953916,7,424,3,0,0,1,227,1,0,0,,0.0,,0.0,0.3333333333333333,0.0069124423963133645,0.535377358490566,0.9769585253456221,0.14285714285714285,0.016129032258064516,220,214,0.5069124423963134
2025,player_kitija_laksa,175,66,390.0060962953662,94.68340619703531,13.222857142857142,148.66857142857143,46,129,0,0,0,11,55,0,0,0,,0.0,,0.0,,0.0,0.4263565891472868,0.7371428571428571,0.2391304347826087,0.26285714285714284,85,90,0.4857142857142857
2025,player_kyara_linskens,5,2,497.76683151319094,102.08073670702132,-122.4,235.4,0,5,0,0,0,0,2,0,0,0,,0.0,,0.0,,0.0,0.4,1.0,,0.0,3,2,0.6
2025,player_laeticia_amihere,100,52,518.3435741128326,64.72864240356469,39.33,232.75,3,97,0,0,0,0,52,0,0,0,,0.0,,0.0,,0.0,0.5360824742268041,0.97,0.0,0.03,46,54,0.46
2025,player_le_la_lacan,212,104,446.9016056844802,105.74503059069433,-69.88207547169812,208.3066037735849,26,185,1,0,0,7,97,0,0,0,,0.0,,0.0,0.0,0.0047169811320754715,0.5243243243243243,0.8726415094339622,0.2692307692307692,0.12264150943396226,123,89,0.5801886792452831
2025,player_leonie_fiebich,216,108,434.8809289263035,112.97356706148672,-11.310185185185185,163.90277777777777,29,186,0,1,0,13,95,0,0,0,,0.0,0.0,0.004629629629629629,,0.0,0.510752688172043,0.8611111111111112,0.4482758620689655,0.13425925925925927,112,104,0.5185185185185185
2025,player_lexi_held,147,58,395.8475994370559,107.70478007123698,20.476190476190474,166.78231292517006,32,113,1,1,0,12,46,0,0,0,,0.0,0.0,0.006802721088435374,0.0,0.006802721088435374,0.40707964601769914,0.7687074829931972,0.375,0.21768707482993196,68,79,0.46258503401360546
2025,player_lexie_brown,47,17,385.52491349812084,108.58291065762124,-24.872340425531913,123.04255319148936,7,38,2,0,0,2,15,0,0,0,,0.0,,0.0,0.0,0.0425531914893617,0.39473684210526316,0.8085106382978723,0.2857142857142857,0.14893617021276595,26,21,0.5531914893617021
2025,player_lexie_hull,280,118,449.60335659281924,94.7021947441601,-20.99642857142857,150.07142857142858,20,260,0,0,0,7,111,0,0,0,,0.0,,0.0,,0.0,0.4269230769230769,0.9285714285714286,0.35,0.07142857142857142,148,132,0.5285714285714286
2025,player_li_yueru,135,62,448.3510624401286,112.17945541777634,6.659259259259259,207.82962962962964,31,104,0,0,0,11,51,0,0,0,,0.0,,0.0,,0.0,0.49038461538461536,0.7703703703703704,0.3548387096774194,0.22962962962962963,65,70,0.48148148148148145
2025,player_liatu_king,23,13,484.36465566077726,91.32067573620657,-224.69565217391303,220.0,1,22,0,0,0,0,13,0,0,0,,0.0,,0.0,,0.0,0.5909090909090909,0.9565217391304348,0.0,0.043478260869565216,17,6,0.7391304347826086
2025,player_lindsay_allen,63,26,462.456802278302,105.394151125532,-68.28571428571429,219.04761904761904,8,55,0,0,0,1,25,0,0,0,,0.0,,0.0,,0.0,0.45454545454545453,0.873015873015873,0.125,0.12698412698412698,36,27,0.5714285714285714
2025,player_lucy_olsen,153,66,416.0830752794181,100.323384785789,9.013071895424837,154.90196078431373,17,135,1,0,0,6,60,0,0,0,,0.0,,0.0,0.0,0.006535947712418301,0.4444444444444444,0.8823529411764706,0.35294117647058826,0.1111111111111111,75,78,0.49019607843137253
2025,player_luisa_geiselsoder,173,76,407.48040361509516,105.95292054137549,-13.566473988439306,175.35838150289018,40,131,2,0,0,15,59,2,0,0,,0.0,,0.0,1.0,0.011560693641618497,0.45038167938931295,0.7572254335260116,0.375,0.23121387283236994,92,81,0.5317919075144508
2025,player_mackenzie_holmes,7,5,526.0934393186712,52.371830438638675,203.71428571428572,233.57142857142858,0,7,0,0,0,0,5,0,0,0,,0.0,,0.0,,0.0,0.7142857142857143,1.0,,0.0,2,5,0.2857142857142857
2025,player_maddy_siegrist,254,132,462.0855364096329,97.24619521540025,17.496062992125985,201.36614173228347,22,230,2,0,0,9,123,0,0,0,,0.0,,0.0,0.0,0.007874015748031496,0.5347826086956522,0.905511811023622,0.4090909090909091,0.08661417322834646,124,130,0.4881889763779528
2025,player_maddy_westbeld,100,38,431.2571900677438,94.33973645081906,-5.88,190.37,19,81,0,0,0,6,32,0,0,0,,0.0,,0.0,,0.0,0.3950617283950617,0.81,0.3157894736842105,0.19,51,49,0.51
2025,player_madison_scott,9,5,480.0584182218324,72.99163980310529,357.22222222222223,209.33333333333334,0,9,0,0,0,0,5,0,0,0,,0.0,,0.0,,0.0,0.5555555555555556,1.0,,0.0,1,8,0.1111111111111111
2025,player_makayla_timpson,49,32,543.9769071098162,32.19054662949708,-81.26530612244898,272.81632653061223,0,49,0,0,0,0,32,0,0,0,,0.0,,0.0,,0.0,0.6530612244897959,1.0,,0.0,29,20,0.5918367346938775
2025,player_mamignan_tour,39,14,439.51432368969427,105.22234748529763,3.5128205128205128,159.53846153846155,8,31,0,0,0,3,11,0,0,0,,0.0,,0.0,,0.0,0.3548387096774194,0.7948717948717948,0.375,0.20512820512820512,19,20,0.48717948717948717
2025,player_mari_me_badiane,3,0,529.6423223762803,56.37389042624838,166.33333333333334,202.0,0,3,0,0,0,0,0,0,0,0,,0.0,,0.0,,0.0,0.0,1.0,,0.0,1,2,0.3333333333333333
2025,player_maria_kliundikova,124,64,492.32914482697026,93.48521169469643,-8.209677419354838,234.2983870967742,11,113,0,0,0,4,60,0,0,0,,0.0,,0.0,,0.0,0.5309734513274337,0.9112903225806451,0.36363636363636365,0.08870967741935484,64,60,0.5161290322580645
2025,player_marina_mabrey,465,179,395.54130306827983,108.13449548376272,29.208602150537633,191.64086021505378,129,326,10,0,0,29,148,2,0,0,,0.0,,0.0,0.2,0.021505376344086023,0.4539877300613497,0.7010752688172043,0.2248062015503876,0.27741935483870966,216,249,0.4645161290322581
2025,player_marine_johannes,245,100,376.7079055476003,101.46207207451017,-1.4326530612244899,142.46938775510205,60,181,2,2,0,21,79,0,0,0,,0.0,0.0,0.00816326530612245,0.0,0.00816326530612245,0.43646408839779005,0.7387755102040816,0.35,0.24489795918367346,124,121,0.5061224489795918
2025,player_marquesha_davis,8,2,444.93479693967396,96.65565668023252,35.0,168.0,0,8,0,0,0,0,2,0,0,0,,0.0,,0.0,,0.0,0.25,1.0,,0.0,4,4,0.5
2025,player_maya_caldwell,191,83,435.6486440932324,103.64789712361627,44.083769633507856,160.21465968586386,24,167,0,0,0,9,74,0,0,0,,0.0,,0.0,,0.0,0.4431137724550898,0.8743455497382199,0.375,0.1256544502617801,87,104,0.45549738219895286
2025,player_megan_gustafson,57,20,418.67374096712143,104.3644046463053,-51.07017543859649,147.3684210526316,14,43,0,0,0,4,16,0,0,0,,0.0,,0.0,,0.0,0.37209302325581395,0.7543859649122807,0.2857142857142857,0.24561403508771928,33,24,0.5789473684210527
2025,player_megan_mcconnell,3,1,408.14485593817375,129.91214283819326,-52.333333333333336,147.33333333333334,0,3,0,0,0,0,1,0,0,0,,0.0,,0.0,,0.0,0.3333333333333333,1.0,,0.0,2,1,0.6666666666666666
2025,player_mercedes_russell,24,12,516.5877917205829,49.29735978733219,-9.041666666666666,278.2083333333333,0,24,0,0,0,0,12,0,0,0,,0.0,,0.0,,0.0,0.5,1.0,,0.0,12,12,0.5
2025,player_michaela_onyenwere,189,89,475.4669589135534,94.73960155995627,-11.703703703703704,209.91534391534393,23,166,0,0,0,8,81,0,0,0,,0.0,,0.0,,0.0,0.4879518072289157,0.8783068783068783,0.34782608695652173,0.12169312169312169,101,88,0.5343915343915344
2025,player_monique_akoa_makani,258,114,424.9625237223377,99.74522379830928,18.34108527131783,168.30620155038758,32,226,0,0,0,13,101,0,0,0,,0.0,,0.0,,0.0,0.4469026548672566,0.875968992248062,0.40625,0.12403100775193798,121,137,0.4689922480620155
2025,player_monique_billings,141,72,492.41889734016365,76.81553811678248,-20.5177304964539,221.18439716312056,12,129,0,0,0,3,69,0,0,0,,0.0,,0.0,,0.0,0.5348837209302325,0.9148936170212766,0.25,0.0851063829787234,74,67,0.524822695035461
2025,player_moriah_jefferson,8,3,429.11547826042886,66.91385777740909,-41.0,145.375,0,8,0,0,0,0,3,0,0,0,,0.0,,0.0,,0.0,0.375,1.0,,0.0,4,4,0.5
2025,player_murjanatu_musa,33,16,501.54853078712074,69.09037373122688,139.33333333333334,243.45454545454547,0,33,0,0,0,0,16,0,0,0,,0.0,,0.0,,0.0,0.48484848484848486,1.0,,0.0,11,22,0.3333333333333333
2025,player_myisha_hines_allen,233,112,473.58150855581385,106.26672804790888,3.609442060085837,235.23175965665237,34,198,0,1,0,9,103,0,0,0,,0.0,0.0,0.004291845493562232,,0.0,0.5202020202020202,0.8497854077253219,0.2647058823529412,0.1459227467811159,114,119,0.4892703862660944
2025,player_nalyssa_smith,244,134,501.19994466877694,77.3905751649427,11.639344262295081,232.54098360655738,11,233,0,0,0,3,131,0,0,0,,0.0,,0.0,,0.0,0.5622317596566524,0.9549180327868853,0.2727272727272727,0.045081967213114756,122,122,0.5
2025,player_napheesa_collier,509,288,465.4709336452613,96.2410672313275,11.532416502946955,221.81139489194499,60,445,4,0,0,27,258,3,0,0,,0.0,,0.0,0.75,0.007858546168958742,0.5797752808988764,0.8742632612966601,0.45,0.11787819253438114,254,255,0.49901768172888017
2025,player_natasha_cloud,341,151,430.72613937962564,110.85809110534399,-13.686217008797653,202.4574780058651,68,272,1,0,0,23,128,0,0,0,,0.0,,0.0,0.0,0.002932551319648094,0.47058823529411764,0.7976539589442815,0.3382352941176471,0.19941348973607037,175,166,0.5131964809384164
2025,player_natasha_howard,343,200,519.2698493605831,74.77943153009625,31.47521865889213,254.64431486880466,8,333,0,2,0,2,197,0,1,0,,0.0,0.5,0.0058309037900874635,,0.0,0.5915915915915916,0.9708454810495627,0.25,0.023323615160349854,160,183,0.46647230320699706
2025,player_natasha_mack,117,71,530.1998753435383,47.085833740323935,46.65811965811966,253.9059829059829,1,116,0,0,0,0,71,0,0,0,,0.0,,0.0,,0.0,0.6120689655172413,0.9914529914529915,0.0,0.008547008547008548,53,64,0.452991452991453
2025,player_natisha_hiedeman,291,151,445.7209571316096,115.55395898470685,38.60137457044674,199.33333333333334,39,246,4,1,1,19,131,1,0,0,0.0,0.003436426116838488,0.0,0.003436426116838488,0.25,0.013745704467353952,0.532520325203252,0.845360824742268,0.48717948717948717,0.13402061855670103,136,155,0.46735395189003437
2025,player_naz_hillmon,286,139,438.8616868686241,116.32296333106306,28.874125874125873,197.58041958041957,76,210,0,0,0,22,117,0,0,0,,0.0,,0.0,,0.0,0.5571428571428572,0.7342657342657343,0.2894736842105263,0.26573426573426573,131,155,0.458041958041958
2025,player_nia_coffey,132,55,429.366813297455,113.82021555107058,-97.1590909090909,176.03787878787878,23,109,0,0,0,3,52,0,0,0,,0.0,,0.0,,0.0,0.47706422018348627,0.8257575757575758,0.13043478260869565,0.17424242424242425,85,47,0.6439393939393939
2025,player_nneka_ogwumike,594,327,450.7616094770887,97.51308144565526,-19.05723905723906,213.6094276094276,98,496,0,0,0,35,292,0,0,0,,0.0,,0.0,,0.0,0.5887096774193549,0.835016835016835,0.35714285714285715,0.16498316498316498,315,279,0.5303030303030303
2025,player_nyara_sabally,66,37,528.9429617838725,57.09366795472932,73.54545454545455,255.37878787878788,4,62,0,0,0,1,36,0,0,0,,0.0,,0.0,,0.0,0.5806451612903226,0.9393939393939394,0.25,0.06060606060606061,29,37,0.4393939393939394
2025,player_odyssey_sims,198,89,460.44961498319407,95.78707107955657,-0.06565656565656566,211.02020202020202,20,177,1,0,0,7,81,1,0,0,,0.0,,0.0,1.0,0.005050505050505051,0.4576271186440678,0.8939393939393939,0.35,0.10101010101010101,98,100,0.494949494949495
2025,player_olivia_nelson_ododa,195,113,507.0167347924626,73.40520834901787,2.8205128205128207,250.92820512820512,3,192,0,0,0,2,111,0,0,0,,0.0,,0.0,,0.0,0.578125,0.9846153846153847,0.6666666666666666,0.015384615384615385,97,98,0.49743589743589745
2025,player_paige_bueckers,528,261,426.7413766583919,93.90193370976097,10.524621212121213,206.49810606060606,66,450,12,0,0,23,233,5,0,0,,0.0,,0.0,0.4166666666666667,0.022727272727272728,0.5177777777777778,0.8522727272727273,0.3484848484848485,0.125,265,263,0.5018939393939394
2025,player_rachel_banham,327,129,361.5900266836072,94.24812899745918,1.039755351681957,166.99694189602445,115,206,5,1,0,38,91,0,0,0,,0.0,0.0,0.0030581039755351682,0.0,0.01529051987767584,0.441747572815534,0.6299694189602446,0.33043478260869563,0.3516819571865443,165,162,0.5045871559633027
2025,player_rae_burrell,162,77,464.64597384049495,107.54687774656371,-52.74691358024691,193.96913580246914,10,151,1,0,0,4,73,0,0,0,,0.0,,0.0,0.0,0.006172839506172839,0.48344370860927155,0.9320987654320988,0.4,0.06172839506172839,91,71,0.5617283950617284
2025,player_rayah_marshall,24,9,509.56109365670727,74.31010345991365,-163.83333333333334,259.1666666666667,1,23,0,0,0,0,9,0,0,0,,0.0,,0.0,,0.0,0.391304347826087,0.9583333333333334,0.0,0.041666666666666664,16,8,0.6666666666666666
2025,player_rebecca_allen,234,82,408.51124928948786,98.09730331290228,-23.73931623931624,150.15384615384616,28,205,1,0,0,10,72,0,0,0,,0.0,,0.0,0.0,0.004273504273504274,0.35121951219512193,0.8760683760683761,0.35714285714285715,0.11965811965811966,124,110,0.5299145299145299
2025,player_rebekah_gardner,98,55,479.940885959172,95.86486980598315,58.224489795918366,186.91836734693877,8,90,0,0,0,5,50,0,0,0,,0.0,,0.0,,0.0,0.5555555555555556,0.9183673469387755,0.625,0.08163265306122448,42,56,0.42857142857142855
2025,player_rhyne_howard,488,187,380.3612756342684,104.29462294716413,22.66393442622951,173.06967213114754,125,343,17,3,0,39,142,6,0,0,,0.0,0.0,0.006147540983606557,0.35294117647058826,0.03483606557377049,0.4139941690962099,0.7028688524590164,0.312,0.25614754098360654,227,261,0.4651639344262295
2025,player_rickea_jackson,461,205,450.9522992113438,101.42188028657071,-0.7288503253796096,193.07592190889372,50,411,0,0,0,18,187,0,0,0,,0.0,,0.0,,0.0,0.45498783454987834,0.8915401301518439,0.36,0.10845986984815618,229,232,0.4967462039045553
2025,player_robyn_parks,5,1,349.0689000487049,50.05375883471776,-222.4,131.4,1,4,0,0,0,0,1,0,0,0,,0.0,,0.0,,0.0,0.25,0.8,0.0,0.2,4,1,0.8
2025,player_sabrina_ionescu,552,234,409.0787161144075,109.8949541343384,-2.2083333333333335,183.06884057971016,112,418,21,1,0,34,194,6,0,0,,0.0,0.0,0.0018115942028985507,0.2857142857142857,0.03804347826086957,0.46411483253588515,0.7572463768115942,0.30357142857142855,0.2028985507246377,281,271,0.5090579710144928
2025,player_sami_whitcomb,322,129,383.08690747308304,108.95011099161646,9.161490683229813,158.41925465838509,105,212,5,0,0,40,87,2,0,0,,0.0,,0.0,0.4,0.015527950310559006,0.41037735849056606,0.6583850931677019,0.38095238095238093,0.32608695652173914,156,166,0.484472049689441
2025,player_sania_feagin,23,10,506.57834363004923,96.99010741397166,-103.8695652173913,254.7826086956522,2,21,0,0,0,0,10,0,0,0,,0.0,,0.0,,0.0,0.47619047619047616,0.9130434782608695,0.0,0.08695652173913043,15,8,0.6521739130434783
2025,player_saniya_rivers,335,142,439.38289905037345,100.05155538386329,-12.346268656716418,170.23582089552238,32,300,2,0,1,10,132,0,0,0,0.0,0.0029850746268656717,,0.0,0.0,0.005970149253731343,0.44,0.8955223880597015,0.3125,0.0955223880597015,174,161,0.5194029850746269
2025,player_sarah_ashlee_barker,98,35,448.29906493312455,99.91815935840467,-12.03061224489796,144.4387755102041,10,88,0,0,0,2,33,0,0,0,,0.0,,0.0,,0.0,0.375,0.8979591836734694,0.2,0.10204081632653061,48,50,0.4897959183673469
2025,player_satou_sabally,483,208,432.4510482374061,117.21363881820359,-11.474120082815736,208.93167701863354,111,366,5,1,0,37,171,0,0,0,,0.0,0.0,0.002070393374741201,0.0,0.010351966873706004,0.4672131147540984,0.7577639751552795,0.3333333333333333,0.22981366459627328,251,232,0.5196687370600414
2025,player_serena_sundell,1,0,301.2540456159884,,-275.0,123.0,0,1,0,0,0,0,0,0,0,0,,0.0,,0.0,,0.0,0.0,1.0,,0.0,1,0,1.0
2025,player_sevgi_uzun,88,31,450.15899926959776,97.7164578157097,29.897727272727273,196.6818181818182,10,78,0,0,0,2,29,0,0,0,,0.0,,0.0,,0.0,0.3717948717948718,0.8863636363636364,0.2,0.11363636363636363,41,47,0.4659090909090909
2025,player_shakira_austin,373,191,512.8167982927324,67.21587770091901,34.22252010723861,256.47721179624665,8,365,0,0,0,1,190,0,0,0,,0.0,,0.0,,0.0,0.5205479452054794,0.9785522788203753,0.125,0.021447721179624665,175,198,0.4691689008042895
2025,player_shatori_walker_kimbrough,59,26,419.98686489482,90.0203966957789,8.491525423728813,151.91525423728814,9,50,0,0,0,1,25,0,0,0,,0.0,,0.0,,0.0,0.5,0.847457627118644,0.1111111111111111,0.15254237288135594,29,30,0.4915254237288136
2025,player_shey_peddy,52,27,431.4424303274018,104.25151753121511,-47.40384615384615,145.46153846153845,11,41,0,0,0,3,24,0,0,0,,0.0,,0.0,,0.0,0.5853658536585366,0.7884615384615384,0.2727272727272727,0.21153846153846154,29,23,0.5576923076923077
2025,player_sika_kon,17,7,473.1752961839498,107.11190537847935,-69.23529411764706,211.58823529411765,1,16,0,0,0,0,7,0,0,0,,0.0,,0.0,,0.0,0.4375,0.9411764705882353,0.0,0.058823529411764705,9,8,0.5294117647058824
2025,player_skylar_diggins,513,232,435.41499716779276,100.78095701336606,4.120857699805068,213.47173489278754,74,436,2,1,0,27,205,0,0,0,,0.0,0.0,0.001949317738791423,0.0,0.003898635477582846,0.4701834862385321,0.8499025341130604,0.36486486486486486,0.1442495126705653,257,256,0.5009746588693957
2025,player_sonia_citron,458,227,437.62203754566235,105.63207825914698,-8.443231441048034,180.264192139738,55,397,6,0,0,24,200,3,0,0,,0.0,,0.0,0.5,0.013100436681222707,0.5037783375314862,0.8668122270742358,0.43636363636363634,0.12008733624454149,235,223,0.5131004366812227
2025,player_sophie_cunningham,165,82,407.58439782819073,115.72881929057742,41.733333333333334,137.2,28,132,5,0,0,10,68,4,0,0,,0.0,,0.0,0.8,0.030303030303030304,0.5151515151515151,0.8,0.35714285714285715,0.1696969696969697,75,90,0.45454545454545453
2025,player_stefanie_dolson,137,60,405.43340307570145,106.7403228446207,5.547445255474453,184.94160583941607,40,97,0,0,0,15,45,0,0,0,,0.0,,0.0,,0.0,0.4639175257731959,0.708029197080292,0.375,0.291970802919708,67,70,0.48905109489051096
2025,player_stephanie_talbot,98,39,447.8815201700842,98.15205441512217,6.357142857142857,147.10204081632654,11,87,0,0,0,2,37,0,0,0,,0.0,,0.0,,0.0,0.42528735632183906,0.8877551020408163,0.18181818181818182,0.11224489795918367,48,50,0.4897959183673469
2025,player_sug_sutton,272,119,425.1988686878097,101.12587242754773,-7.8713235294117645,182.5735294117647,40,230,2,0,0,17,102,0,0,0,,0.0,,0.0,0.0,0.007352941176470588,0.4434782608695652,0.8455882352941176,0.425,0.14705882352941177,138,134,0.5073529411764706
2025,player_sydney_colson,74,26,379.75457934972485,100.66491276028422,-10.22972972972973,161.04054054054055,16,57,1,0,0,4,22,0,0,0,,0.0,,0.0,0.0,0.013513513513513514,0.38596491228070173,0.7702702702702703,0.25,0.21621621621621623,37,37,0.5
2025,player_taylor_thierry,6,2,490.9288487841627,107.18040174280036,-430.8333333333333,218.0,1,5,0,0,0,0,2,0,0,0,,0.0,,0.0,,0.0,0.4,0.8333333333333334,0.0,0.16666666666666666,6,0,1.0
2025,player_te_hina_paopao,210,96,414.37484862159783,110.41045245279929,-45.45238095238095,175.32857142857142,50,158,2,0,0,19,77,0,0,0,,0.0,,0.0,0.0,0.009523809523809525,0.4873417721518987,0.7523809523809524,0.38,0.23809523809523808,117,93,0.5571428571428572
2025,player_teaira_mccowan,58,36,536.8753956404455,59.11213759696097,-74.8103448275862,272.41379310344826,1,57,0,0,0,1,35,0,0,0,,0.0,,0.0,,0.0,0.6140350877192983,0.9827586206896551,1.0,0.017241379310344827,33,25,0.5689655172413793
2025,player_temi_fagbenle,230,125,483.3527162387096,96.00302242495036,40.8,215.94782608695652,17,212,0,1,0,5,120,0,0,0,,0.0,0.0,0.004347826086956522,,0.0,0.5660377358490566,0.9217391304347826,0.29411764705882354,0.07391304347826087,105,125,0.45652173913043476
2025,player_tiffany_hayes,219,99,431.79100899708936,115.51497929577518,-71.42465753424658,207.78082191780823,52,165,2,0,0,20,79,0,0,0,,0.0,,0.0,0.0,0.0091324200913242,0.47878787878787876,0.7534246575342466,0.38461538461538464,0.2374429223744292,131,88,0.5981735159817352
2025,player_tiffany_mitchell,95,40,469.8593999138455,88.62944072222889,78.57894736842105,186.86315789473684,2,92,1,0,0,1,39,0,0,0,,0.0,,0.0,0.0,0.010526315789473684,0.42391304347826086,0.968421052631579,0.5,0.021052631578947368,38,57,0.4
2025,player_tina_charles,569,260,483.7195833705211,80.94020021033195,13.71353251318102,240.8189806678383,29,540,0,0,0,7,253,0,0,0,,0.0,,0.0,,0.0,0.4685185185185185,0.9490333919156415,0.2413793103448276,0.050966608084358524,276,293,0.4850615114235501
2025,player_tyasha_harris,17,8,403.5195487024246,104.05784294529926,-7.235294117647059,159.64705882352942,6,11,0,0,0,3,5,0,0,0,,0.0,,0.0,,0.0,0.45454545454545453,0.6470588235294118,0.5,0.35294117647058826,9,8,0.5294117647058824
2025,player_veronica_burton,348,149,415.7333326494174,118.16754152881624,7.5488505747126435,201.02298850574712,90,253,2,3,0,31,117,0,1,0,,0.0,0.3333333333333333,0.008620689655172414,0.0,0.005747126436781609,0.4624505928853755,0.7270114942528736,0.34444444444444444,0.25862068965517243,170,178,0.4885057471264368
2025,player_yvonne_anderson,3,0,393.14049366261196,112.43143850399056,335.0,205.0,1,2,0,0,0,0,0,0,0,0,,0.0,,0.0,,0.0,0.0,0.6666666666666666,0.0,0.3333333333333333,0,3,0.0
2025,player_zia_cooke,79,30,429.9020588520542,96.66843701648763,50.53164556962025,166.15189873417722,9,69,1,0,0,6,24,0,0,0,,0.0,,0.0,0.0,0.012658227848101266,0.34782608695652173,0.8734177215189873,0.6666666666666666,0.11392405063291139,34,45,0.43037974683544306
